--consultas para proyecto de BD

--BORRADO DE TABLAS

SELECT COUNT(1) FROM BDD1_EMPLE_X_FARMACIA; -- 176
SELECT COUNT(1) FROM BDD1_INVENTARIO; -- 1536
SELECT COUNT(1) FROM BDD1_EMPLEADO; --15
SELECT COUNT(1) FROM BDD1_LABORATORIO; -- 39
SELECT COUNT(1) FROM BDD1_MONODROGA; --81
SELECT COUNT(1) FROM BDD1_FARMACIA; --10 
SELECT COUNT(1) FROM BDD1_MEDICAMENTO; -- 200
SELECT COUNT(1) FROM BDD1_PRESENTACION_MEDICAMENTO; -- 10
SELECT COUNT(1) FROM BDD1_CIUDAD; -- 4
SELECT COUNT(1) FROM BDD1_PAIS; -- 3
SELECT COUNT(1) FROM BDD1_ACCION_TERAPEUTICA; -- 10
SELECT COUNT(1) FROM BDD1_COMPOSICION_MEDICAMENTO; -- 318
SELECT COUNT(1) FROM BDD1_ACCION_TERAP_MEDICAMENTO; -- 319
SELECT COUNT(1) FROM BDD1_LABORATO_X_MEDICA; -- 266

--ELIMINAR TABLAS

DROP TABLE BDD1_COMPOSICION_MEDICAMENTO;
DROP TABLE BDD1_ACCION_TERAP_MEDICAMENTO;
DROP TABLE BDD1_EMPLE_X_FARMACIA;
DROP TABLE BDD1_ACCION_TERAPEUTICA;
DROP TABLE BDD1_INVENTARIO;
DROP TABLE BDD1_LABORATO_X_MEDICA;
DROP TABLE BDD1_EMPLEADO;
DROP TABLE BDD1_LABORATORIO;
DROP TABLE BDD1_MONODROGA;
DROP TABLE BDD1_FARMACIA;
DROP TABLE BDD1_MEDICAMENTO;
DROP TABLE BDD1_PRESENTACION_MEDICAMENTO;
DROP TABLE BDD1_CIUDAD;
DROP TABLE BDD1_PAIS;

--LAS TABLAS NO EXISTIAN, ASI QUE SE CREARAN

--CREACION DE TABLAS


CREATE TABLE BDD1_EMPLEADO 
(
  ID_EMPLEADO NUMBER NOT NULL 
, NOMBRE_EMPLEADO VARCHAR2(50) 
, DIRECCION_EMPLEADO VARCHAR2(100) 
, CUI_EMPLEADO VARCHAR2(14) 
, FECHA_INGRESO DATE 
, TELEFONO_EMPLEADO VARCHAR2(20) 
, TIPO_SANGRE VARCHAR2(4) 
, CONSTRAINT BDD1_EMPLEADO_PK PRIMARY KEY 
  (
    ID_EMPLEADO 
  )
  ENABLE 
);

CREATE TABLE BDD1_LABORATORIO
(
  ID_LABORATORIO NUMBER NOT NULL 
, NOMBRE_LABORATORIO VARCHAR2(50) 
, DIRECCION_LABORATORIO VARCHAR2(100) 
, CONTACTO_LABORATORIO VARCHAR2(100) 
, TELEFONO_CONTACTO VARCHAR2(20) 
, CONSTRAINT BDD1_LABORATORIO_PK PRIMARY KEY 
  (
    ID_LABORATORIO
  )
  ENABLE 
);

CREATE TABLE BDD1_ACCION_TERAPEUTICA
(
  ID_ACCION_TERAPEUTICA NUMBER NOT NULL 
, ACCION_TERAPEUTICA VARCHAR2(50) 
, CONSTRAINT BDD1_ACCION_TERAPEUTICA_PK PRIMARY KEY 
  (
    ID_ACCION_TERAPEUTICA
  )
  ENABLE 
);

CREATE TABLE BDD1_MONODROGA
(
  ID_MONODROGA NUMBER NOT NULL 
, DESCRIPCION_MONODROGA VARCHAR2(50) 
, CONSTRAINT BDD1_MONODROGA_PK PRIMARY KEY 
  (
    ID_MONODROGA
  )
  ENABLE 
);

CREATE TABLE BDD1_PRESENTACION_MEDICAMENTO
(
  ID_PRESENTACION_MEDICAMENTO NUMBER NOT NULL 
, DESCRIPCION_PRESENTACION VARCHAR2(50) 
, CONSTRAINT BDD1_PRESENTACION_MEDICA_PK PRIMARY KEY 
  (
    ID_PRESENTACION_MEDICAMENTO
  )
  ENABLE 
);

CREATE TABLE BDD1_PAIS
(
  ID_PAIS NUMBER NOT NULL 
, NOMBRE_PAIS VARCHAR2(50) 
, CONSTRAINT BDD1_PAIS_PK PRIMARY KEY 
  (
    ID_PAIS
  )
  ENABLE 
);

CREATE TABLE BDD1_CIUDAD
(
  ID_CIUDAD NUMBER NOT NULL 
, PAIS NUMBER
, POBLACION NUMBER
, NOMBRE_CIUDAD VARCHAR2(50) 
, NOMBRE_FARMACEUTICO VARCHAR2(50) 
, DIRECCION_FARMACEUTICO VARCHAR2(100) 
, CUI_FARMACEUTICO VARCHAR2(14) 
, TELEFONO_FARMACEUTICO VARCHAR2(20) 
, CONSTRAINT BDD1_CIUDAD_PK PRIMARY KEY 
  (
    ID_CIUDAD
  )
  ENABLE 
);

CREATE TABLE BDD1_FARMACIA
(
  SUCURSAL NUMBER NOT NULL 
, NOMBRE_FARMACIA VARCHAR2(50) 
, DIRECCION_FARMACIA VARCHAR2(100) 
, HORARIO_FARMACIA VARCHAR2(20) 
, TELEFONO_FARMACIA VARCHAR2(20) 
, ID_CIUDAD NUMBER NOT NULL 
, CONSTRAINT BDD1_FARMACIA_PK PRIMARY KEY 
  (
    SUCURSAL
  )
  ENABLE 
);

CREATE TABLE BDD1_EMPLE_X_FARMACIA
(
  SUCURSAL NUMBER NOT NULL 
, ID_EMPLEADO NUMBER NOT NULL 
, FECHA_INICIO DATE NOT NULL
, FECHA_FIN DATE
, CONSTRAINT BDD1_EMPLE_X_FARMACIA_PK PRIMARY KEY 
  (
    SUCURSAL, ID_EMPLEADO, FECHA_INICIO
  )
  ENABLE 
);

CREATE TABLE BDD1_MEDICAMENTO
(
  ID_MEDICAMENTO NUMBER NOT NULL 
, ID_PRESENTACION_MEDICAMENTO NUMBER NOT NULL 
, NOMBRE_MEDICAMENTO  VARCHAR2(100) 
, PRECIO_MEDICAMENTO NUMBER(18,2)
, CONSTRAINT BDD1_MEDICAMENTO_PK PRIMARY KEY 
  (
    ID_MEDICAMENTO
  )
  ENABLE 
);

CREATE TABLE BDD1_ACCION_TERAP_MEDICAMENTO
(
  ID_MEDICAMENTO NUMBER NOT NULL 
, ID_ACCION_TERAPEUTICA  NUMBER NOT NULL 
, OBSERVACIONES VARCHAR2(300)
, CONSTRAINT BDD1_ACCION_TERAP_MEDICA_PK PRIMARY KEY 
  (
    ID_MEDICAMENTO, ID_ACCION_TERAPEUTICA
  )
  ENABLE 
);


CREATE TABLE BDD1_LABORATO_X_MEDICA
(
  ID_LABORATORIO NUMBER NOT NULL 
, ID_MEDICAMENTO  NUMBER NOT NULL 
, OBSERVACIONES VARCHAR2(300)
, CONSTRAINT BDD1_LABORATO_X_MEDICA_PK PRIMARY KEY 
  (
    ID_LABORATORIO, ID_MEDICAMENTO
  )
  ENABLE 
);


CREATE TABLE BDD1_COMPOSICION_MEDICAMENTO
(
  ID_MONODROGA NUMBER NOT NULL 
, ID_MEDICAMENTO  NUMBER NOT NULL 
, COMPOSICION VARCHAR2(200)
, CONSTRAINT BDD1_COMPOSI_MEDICAME_PK PRIMARY KEY 
  (
    ID_MONODROGA, ID_MEDICAMENTO
  )
  ENABLE 
);

CREATE TABLE BDD1_INVENTARIO
(
  SUCURSAL NUMBER NOT NULL 
, ID_MEDICAMENTO  NUMBER NOT NULL 
, EXISTENCIA NUMBER
, CONSTRAINT BDD1_INVENTARIO_PK PRIMARY KEY 
  (
    SUCURSAL, ID_MEDICAMENTO
  )
  ENABLE 
);


--A CONTINUACION SE MODIFICARAN LAS TABLAS EXISTENTES, PARA PODER AGREGAR UNA LLAVE FORANEA FK

-- LLAVES FORANEAS
ALTER TABLE  "BDD1_CIUDAD" ADD CONSTRAINT CIUDAD_PAIS_FK FOREIGN KEY("PAIS") REFERENCES "BDD1_PAIS"("ID_PAIS");
ALTER TABLE  "BDD1_FARMACIA" ADD CONSTRAINT FARMACIA_CIUDAD_FK FOREIGN KEY("ID_CIUDAD") REFERENCES "BDD1_CIUDAD"("ID_CIUDAD");
ALTER TABLE  "BDD1_EMPLE_X_FARMACIA" ADD CONSTRAINT EMPL_X_FARMACIA_EMPL_FK FOREIGN KEY("ID_EMPLEADO") REFERENCES "BDD1_EMPLEADO"("ID_EMPLEADO");
ALTER TABLE  "BDD1_EMPLE_X_FARMACIA" ADD CONSTRAINT EMPL_X_FARMACIA_FARM_FK FOREIGN KEY("SUCURSAL") REFERENCES "BDD1_FARMACIA"("SUCURSAL");
ALTER TABLE  "BDD1_INVENTARIO" ADD CONSTRAINT INVENTARIO_FARM_FK FOREIGN KEY("SUCURSAL") REFERENCES "BDD1_FARMACIA"("SUCURSAL");
ALTER TABLE  "BDD1_INVENTARIO" ADD CONSTRAINT INVENTARIO_MEDICAMENTO_FK FOREIGN KEY("ID_MEDICAMENTO") REFERENCES "BDD1_MEDICAMENTO"("ID_MEDICAMENTO");
ALTER TABLE  "BDD1_MEDICAMENTO" ADD CONSTRAINT MEDICAMENTO_PRESENTACION_FK FOREIGN KEY("ID_PRESENTACION_MEDICAMENTO") REFERENCES "BDD1_PRESENTACION_MEDICAMENTO"("ID_PRESENTACION_MEDICAMENTO");
ALTER TABLE  "BDD1_LABORATO_X_MEDICA" ADD CONSTRAINT LABORA_X_MEDICA_MEDICA_FK FOREIGN KEY("ID_MEDICAMENTO") REFERENCES "BDD1_MEDICAMENTO"("ID_MEDICAMENTO");
ALTER TABLE  "BDD1_LABORATO_X_MEDICA" ADD CONSTRAINT LABORA_X_MEDICA_LABORA_FK FOREIGN KEY("ID_LABORATORIO") REFERENCES "BDD1_LABORATORIO"("ID_LABORATORIO");
ALTER TABLE  "BDD1_COMPOSICION_MEDICAMENTO" ADD CONSTRAINT COMPOS_MEDICA_MONODR_FK FOREIGN KEY("ID_MONODROGA") REFERENCES "BDD1_MONODROGA"("ID_MONODROGA");
ALTER TABLE  "BDD1_COMPOSICION_MEDICAMENTO" ADD CONSTRAINT COMPOS_MEDICA_MEDICA_FK FOREIGN KEY("ID_MEDICAMENTO") REFERENCES "BDD1_MEDICAMENTO"("ID_MEDICAMENTO");
ALTER TABLE  "BDD1_ACCION_TERAP_MEDICAMENTO" ADD CONSTRAINT ACCION_TERAP_MEDI_MEDI_FK FOREIGN KEY("ID_MEDICAMENTO") REFERENCES "BDD1_MEDICAMENTO"("ID_MEDICAMENTO");
ALTER TABLE  "BDD1_ACCION_TERAP_MEDICAMENTO" ADD CONSTRAINT ACCION_TERAP_MEDI_ACC_TERA_FK FOREIGN KEY("ID_ACCION_TERAPEUTICA") REFERENCES "BDD1_ACCION_TERAPEUTICA"("ID_ACCION_TERAPEUTICA");

--A CONTINUACION SE PROCEDERA A INSERTAR INFORMACION EN CADA TABLA

-----------------
-- INSERT TABLAS. 
-----------------

-- PAIS
INSERT INTO BDD1_PAIS VALUES (1,'GUATEMALA');
INSERT INTO BDD1_PAIS VALUES (2,'EL SALVADOR');
INSERT INTO BDD1_PAIS VALUES (3,'MEXICO');

-- CIUDAD
INSERT INTO BDD1_CIUDAD(ID_CIUDAD, PAIS, POBLACION, NOMBRE_CIUDAD, NOMBRE_FARMACEUTICO, DIRECCION_FARMACEUTICO, CUI_FARMACEUTICO, TELEFONO_FARMACEUTICO) VALUES (1,1,995393,'GUATEMALA','JUAN PEREZ', '1RA. AVENIDA 15-23 ZONA 4','1448315570101','43425298');
INSERT INTO BDD1_CIUDAD(ID_CIUDAD, PAIS, POBLACION, NOMBRE_CIUDAD, NOMBRE_FARMACEUTICO, DIRECCION_FARMACEUTICO, CUI_FARMACEUTICO, TELEFONO_FARMACEUTICO) VALUES (2,1,156313,'ESCUINTLA','JUAN JOSE AREVALO', '15 Calle. 11-00 ZONA 1','1265625220105','56662548');
INSERT INTO BDD1_CIUDAD(ID_CIUDAD, PAIS, POBLACION, NOMBRE_CIUDAD, NOMBRE_FARMACEUTICO, DIRECCION_FARMACEUTICO, CUI_FARMACEUTICO, TELEFONO_FARMACEUTICO) VALUES (3,1,180706,'QUETZALTENANGO','JULIO CHAVEZ', '12 Calle "A". 23-54 ZONA 2','2325567690110','76662334');
INSERT INTO BDD1_CIUDAD(ID_CIUDAD, PAIS, POBLACION, NOMBRE_CIUDAD, NOMBRE_FARMACEUTICO, DIRECCION_FARMACEUTICO, TELEFONO_FARMACEUTICO) VALUES (4,3,353706,'CHIAPAS','JORGE AVELLANO', 'AV. CENTRAL SUR NO. 58 CENTRO TAPACHULA, CHIAPAS','018007656345');

-- EMPLEADO
INSERT INTO BDD1_EMPLEADO(ID_EMPLEADO, NOMBRE_EMPLEADO, DIRECCION_EMPLEADO, CUI_EMPLEADO, FECHA_INGRESO, TELEFONO_EMPLEADO, TIPO_SANGRE) VALUES (1,'LOPEZ,CHINCHILLA,,MARIO,JORGE','12 CALLE 16-08D NIMAJUYU I ZONA 21',                    '2546465464781','07/11/1986','53232113','O+');
INSERT INTO BDD1_EMPLEADO(ID_EMPLEADO, NOMBRE_EMPLEADO, DIRECCION_EMPLEADO, CUI_EMPLEADO, FECHA_INGRESO, TELEFONO_EMPLEADO, TIPO_SANGRE) VALUES (2,'POSADAS,SANCHEZ,,TULIO,RONALDO','LOTE 27 MANZANA C SECTOR 1 COL BERLIN 00-000  ZONA 10','1125468978131','31/05/1989','33652452','O-');
INSERT INTO BDD1_EMPLEADO(ID_EMPLEADO, NOMBRE_EMPLEADO, DIRECCION_EMPLEADO, CUI_EMPLEADO, FECHA_INGRESO, TELEFONO_EMPLEADO, TIPO_SANGRE) VALUES (3,'TRUJILLO,CASTELLANOS,,JORGE,LUIS','3 CALLE B 6-21 COL. QUETZAL ZONA 2',                 '5632548787870','08/07/1987','22654978','O+');
INSERT INTO BDD1_EMPLEADO(ID_EMPLEADO, NOMBRE_EMPLEADO, DIRECCION_EMPLEADO, CUI_EMPLEADO, FECHA_INGRESO, TELEFONO_EMPLEADO, TIPO_SANGRE) VALUES (4,'COREA,JUAN,ALBERTO','FINCA LAS ACASIAS',                                                '2254798798787','22/08/1989','26478788','O+');
INSERT INTO BDD1_EMPLEADO(ID_EMPLEADO, NOMBRE_EMPLEADO, DIRECCION_EMPLEADO, CUI_EMPLEADO, FECHA_INGRESO, TELEFONO_EMPLEADO, TIPO_SANGRE) VALUES (5,'GONZALEZ,PEREIRA,,DANIEL,HUMBERTO','CALLE PRINCIPAL LOTE 101 COLONIA ARKADIA',          '2547879788952','29/09/1988','78811451','O+');
INSERT INTO BDD1_EMPLEADO(ID_EMPLEADO, NOMBRE_EMPLEADO, DIRECCION_EMPLEADO, CUI_EMPLEADO, FECHA_INGRESO, TELEFONO_EMPLEADO, TIPO_SANGRE) VALUES (6,'VALDEZ,QUIROZ,,ARNOLDO','4A AVENIDA 13-37 ZONA 1',                                      '2254678978971','10/03/1986','33085929','O+');
INSERT INTO BDD1_EMPLEADO(ID_EMPLEADO, NOMBRE_EMPLEADO, DIRECCION_EMPLEADO, CUI_EMPLEADO, FECHA_INGRESO, TELEFONO_EMPLEADO, TIPO_SANGRE) VALUES (7,'PAZ,RAMOS,,JOSE,ANGEL','CALLE PRINCIPAL NVA. CONCEPCION 172',                           '5554679874651','10/03/1989','23489753','O+');
INSERT INTO BDD1_EMPLEADO(ID_EMPLEADO, NOMBRE_EMPLEADO, DIRECCION_EMPLEADO, CUI_EMPLEADO, FECHA_INGRESO, TELEFONO_EMPLEADO, TIPO_SANGRE) VALUES (8,'VASQUEZ,FUL MORTUAL,,RABID,ANTONIO','3A CALLE 7-35 COLONIA EL QUETZAL ZONA 2',          '5479879742132','08/12/1986','78880986','O+');
INSERT INTO BDD1_EMPLEADO(ID_EMPLEADO, NOMBRE_EMPLEADO, DIRECCION_EMPLEADO, CUI_EMPLEADO, FECHA_INGRESO, TELEFONO_EMPLEADO, TIPO_SANGRE) VALUES (9,'SANTIZO,CLAVERIA,,MINOR,RODERICO','3 AVENIDA 4-69 VALLE REAL, SAN CRISTOBAL ZONA 8',    '2334879798491','24/03/1987','56787945','AB-');
INSERT INTO BDD1_EMPLEADO(ID_EMPLEADO, NOMBRE_EMPLEADO, DIRECCION_EMPLEADO, CUI_EMPLEADO, FECHA_INGRESO, TELEFONO_EMPLEADO, TIPO_SANGRE) VALUES (10,'BERGANZA,RUANO,,JUAN,RODOLFO','FINCA LOMA LINDA',                                      '3568789779772','30/01/1991','36599783','O+');
INSERT INTO BDD1_EMPLEADO(ID_EMPLEADO, NOMBRE_EMPLEADO, DIRECCION_EMPLEADO, CUI_EMPLEADO, FECHA_INGRESO, TELEFONO_EMPLEADO, TIPO_SANGRE) VALUES (11,'ALVARADO,LOPEZ,,CIRIACO,LEONIDAS','CARRETERA AL SALTO KM 1 1-05 CANTON VOLADOR ZONA 3','4879798746531','21/09/1987','65464782','AB+');
INSERT INTO BDD1_EMPLEADO(ID_EMPLEADO, NOMBRE_EMPLEADO, DIRECCION_EMPLEADO, CUI_EMPLEADO, FECHA_INGRESO, TELEFONO_EMPLEADO, TIPO_SANGRE) VALUES (12,'PINEDA,ACEITUNO,,PEDRO','7MA. AVENIDA 6-12 COLONIA MODELO II ZONA 2',                  '1354647987215','02/12/1987','78894223','A+');
INSERT INTO BDD1_EMPLEADO(ID_EMPLEADO, NOMBRE_EMPLEADO, DIRECCION_EMPLEADO, CUI_EMPLEADO, FECHA_INGRESO, TELEFONO_EMPLEADO, TIPO_SANGRE) VALUES (13,'TEJADA,CARRERA,,JOSE,FABIAN','BARRIO LA ESPERANZA',                                    '1644798797981','02/10/1987',NULL, 'O+');
INSERT INTO BDD1_EMPLEADO(ID_EMPLEADO, NOMBRE_EMPLEADO, DIRECCION_EMPLEADO, CUI_EMPLEADO, FECHA_INGRESO, TELEFONO_EMPLEADO, TIPO_SANGRE) VALUES (14,'URIZAR,SEVILLANOS,DE LEON,MIRZA,YOLANDA','CALZADA  SAN  JUAN 08-65  ZONA 7',           '4548798977841','04/11/1988',NULL, 'O+');
INSERT INTO BDD1_EMPLEADO(ID_EMPLEADO, NOMBRE_EMPLEADO, DIRECCION_EMPLEADO, CUI_EMPLEADO, FECHA_INGRESO, TELEFONO_EMPLEADO, TIPO_SANGRE) VALUES (15,'AVILA,DE LEON,,JORGE,ELKI ROLANDO','7  AVENIDA 03-59  ZONA 8',                         '1546787987987','08/11/1990',NULL, 'O-');

-- PRESENTACION_MEDICAMENTO
INSERT INTO BDD1_PRESENTACION_MEDICAMENTO VALUES (1,'JARABE');
INSERT INTO BDD1_PRESENTACION_MEDICAMENTO VALUES (2,'POMADA');
INSERT INTO BDD1_PRESENTACION_MEDICAMENTO VALUES (3,'CAPSULA');
INSERT INTO BDD1_PRESENTACION_MEDICAMENTO VALUES (4,'UNIDAD');
INSERT INTO BDD1_PRESENTACION_MEDICAMENTO VALUES (5,'AMPOLLA');
INSERT INTO BDD1_PRESENTACION_MEDICAMENTO VALUES (6,'INYECCION');
INSERT INTO BDD1_PRESENTACION_MEDICAMENTO VALUES (7,'TABLETA RECUBIERTA');
INSERT INTO BDD1_PRESENTACION_MEDICAMENTO VALUES (8,'TABLETA');
INSERT INTO BDD1_PRESENTACION_MEDICAMENTO VALUES (9,'SOLUCION');
INSERT INTO BDD1_PRESENTACION_MEDICAMENTO VALUES (10,'AEROSOL');

-- FARMACIA
SELECT * FROM BDD1_FARMACIA;
INSERT INTO BDD1_FARMACIA VALUES (1,'SUCURSAL 1','20 AVENIDA','07:00 - 23:00','23566337',1);
INSERT INTO BDD1_FARMACIA VALUES (2,'SUCURSAL 2','FINCA SAN FRANCISCO EL CHORRO','07:00 - 23:00','23566337',1);
INSERT INTO BDD1_FARMACIA VALUES (3,'SUCURSAL 3','40 CALLE B ZONA 5','07:00 - 23:00','23566337',1);
INSERT INTO BDD1_FARMACIA VALUES (4,'SUCURSAL 4','CARRETERA 1 LAJILLAL','07:00 - 23:00','23566337',1);
INSERT INTO BDD1_FARMACIA VALUES (5,'SUCURSAL 5','BARRIO RIO BRAVO','07:00 - 23:00','23566337',1);
INSERT INTO BDD1_FARMACIA VALUES (6,'SUCURSAL 6','ALDEA EL MESTIZO','07:00 - 23:00','23566337',1);
INSERT INTO BDD1_FARMACIA VALUES (7,'SUCURSAL 7','SAN ANDRES CHAPIL','06:00 - 20:00','1215487831',3);
INSERT INTO BDD1_FARMACIA VALUES (8,'SUCURSAL 8','ALDEA EL MALACATE','06:00 - 20:00','1215487831',3);
INSERT INTO BDD1_FARMACIA VALUES (9,'SUCURSAL 9','ALDEA DOÑA MARIA','06:00 - 20:00','1215487831',3);
INSERT INTO BDD1_FARMACIA VALUES (10,'SUCURSAL 10','ALDEA EL MATAZANO','06:00 - 20:00','1215487831',3);

-- MONODROGAS.
INSERT INTO BDD1_MONODROGA VALUES (1,'ACEITE ESENCIAL DE EUCALIPTO');
INSERT INTO BDD1_MONODROGA VALUES (2,'MENTOL');
INSERT INTO BDD1_MONODROGA VALUES (3,'ALCANFOR');
INSERT INTO BDD1_MONODROGA VALUES (4,'SALICILATO DE METILO');
INSERT INTO BDD1_MONODROGA VALUES (5,'TRIMENTINA');
INSERT INTO BDD1_MONODROGA VALUES (6,'ACEITE DE HÍGADO DE PESCADO');
INSERT INTO BDD1_MONODROGA VALUES (7,'OXIDO DE ZINC');
INSERT INTO BDD1_MONODROGA VALUES (8,'ACETAMINOFÉN');
INSERT INTO BDD1_MONODROGA VALUES (9,'ACIDO HIPOCLOROSO');
INSERT INTO BDD1_MONODROGA VALUES (10,'ACIDO SALICO');
INSERT INTO BDD1_MONODROGA VALUES (11,'FENOL');
INSERT INTO BDD1_MONODROGA VALUES (12,'ÓXIDO DE ZINC');
INSERT INTO BDD1_MONODROGA VALUES (13,'YODO METALICO');
INSERT INTO BDD1_MONODROGA VALUES (14,'TREMENTINA');
INSERT INTO BDD1_MONODROGA VALUES (15,'EUCALIPTOL');
INSERT INTO BDD1_MONODROGA VALUES (16,'HEXACLOROFENO');
INSERT INTO BDD1_MONODROGA VALUES (17,'ACIDO BORICO');
INSERT INTO BDD1_MONODROGA VALUES (18,'TIMOL');
INSERT INTO BDD1_MONODROGA VALUES (19,'BENZOCAINA');
INSERT INTO BDD1_MONODROGA VALUES (20,'ALCANFOR+ OXIDO DE ZINC');
INSERT INTO BDD1_MONODROGA VALUES (21,'CLORURO DE BENZALCONIO');
INSERT INTO BDD1_MONODROGA VALUES (22,'ALICILATO DE METILO');
INSERT INTO BDD1_MONODROGA VALUES (23,'CAPSICUM TINTURA');
INSERT INTO BDD1_MONODROGA VALUES (24,'AMONIACO SOLUCIÓN AL 22%');
INSERT INTO BDD1_MONODROGA VALUES (25,'EUCALIPTO');
INSERT INTO BDD1_MONODROGA VALUES (26,'MENTA');
INSERT INTO BDD1_MONODROGA VALUES (27,'CTINTURA DE BENJUI COMPUESTA (BENJUI EN GRANO');
INSERT INTO BDD1_MONODROGA VALUES (28,'ALCOHOL ETILICO');
INSERT INTO BDD1_MONODROGA VALUES (29,'ACIDO SALICILICO');
INSERT INTO BDD1_MONODROGA VALUES (30,'ACIDO UNDECILICO');
INSERT INTO BDD1_MONODROGA VALUES (31,'ACIDO BENZOICO');
INSERT INTO BDD1_MONODROGA VALUES (32,'ALCANFOR+ SALICILATO DE METILO');
INSERT INTO BDD1_MONODROGA VALUES (33,'OLEORESINA DE CAPSICO');
INSERT INTO BDD1_MONODROGA VALUES (34,'GOMENOL');
INSERT INTO BDD1_MONODROGA VALUES (35,'METILO SALICILATO');
INSERT INTO BDD1_MONODROGA VALUES (36,'ACETATO DE CLORHEXIDINA');
INSERT INTO BDD1_MONODROGA VALUES (37,'PETROLATO BLANCO');
INSERT INTO BDD1_MONODROGA VALUES (38,'BENZOATO DE BENCILO');
INSERT INTO BDD1_MONODROGA VALUES (39,'TIMEROSAL');
INSERT INTO BDD1_MONODROGA VALUES (40,'YODURO DE POTASIO');
INSERT INTO BDD1_MONODROGA VALUES (41,'GUAYACOL');
INSERT INTO BDD1_MONODROGA VALUES (42,'EUCALIPTUS');
INSERT INTO BDD1_MONODROGA VALUES (43,'NUEZ MOSCADA');
INSERT INTO BDD1_MONODROGA VALUES (44,'HOJAS DE CEDRO');
INSERT INTO BDD1_MONODROGA VALUES (45,'ESORCINA MONOACETATO (EURESOL)');
INSERT INTO BDD1_MONODROGA VALUES (46,'IRGASAN DP-300 (TRICLOSAN)');
INSERT INTO BDD1_MONODROGA VALUES (47,'AZUFRE HIDRO ALCOHOL SOLUBILIZADO ( BIO AZUFRE FL)');
INSERT INTO BDD1_MONODROGA VALUES (48,'CLORURO DE BENZALCONIO (50%)');
INSERT INTO BDD1_MONODROGA VALUES (49,'TRICLOSAN');
INSERT INTO BDD1_MONODROGA VALUES (50,'IODO METALICO');
INSERT INTO BDD1_MONODROGA VALUES (51,'GUAYACOLATO');
INSERT INTO BDD1_MONODROGA VALUES (52,'ALCANFOR +MENTOL');
INSERT INTO BDD1_MONODROGA VALUES (53,'CALAMINA');
INSERT INTO BDD1_MONODROGA VALUES (54,'ALCOHOL ETÍLICO 96%');
INSERT INTO BDD1_MONODROGA VALUES (55,'ACEITE MINERAL');
INSERT INTO BDD1_MONODROGA VALUES (56,'LANOLINA ANHIDRA');
INSERT INTO BDD1_MONODROGA VALUES (57,'PICOSULFATO DE SODIO');
INSERT INTO BDD1_MONODROGA VALUES (58,'FENOLFTALEINA');
INSERT INTO BDD1_MONODROGA VALUES (59,'CALCIO');
INSERT INTO BDD1_MONODROGA VALUES (60,'VITAMINA D');
INSERT INTO BDD1_MONODROGA VALUES (61,'MALTODEXTRINA');
INSERT INTO BDD1_MONODROGA VALUES (62,'CELULOSA MICROCRISTALINA');
INSERT INTO BDD1_MONODROGA VALUES (63,'ESTEARATO DE MAGNESIO');
INSERT INTO BDD1_MONODROGA VALUES (64,'CROSPOVIDONA');
INSERT INTO BDD1_MONODROGA VALUES (65,'LANOLINA');
INSERT INTO BDD1_MONODROGA VALUES (66,'LANOLINA ANHIDRA LIQUIDA');
INSERT INTO BDD1_MONODROGA VALUES (67,'Ã?CIDO CÍTRICO');
INSERT INTO BDD1_MONODROGA VALUES (68,'BICARBONATO DE SODIO');
INSERT INTO BDD1_MONODROGA VALUES (69,'CARBONATO DE SODIO');
INSERT INTO BDD1_MONODROGA VALUES (70,'HIOSCINA N-BUTILBROMURO');
INSERT INTO BDD1_MONODROGA VALUES (71,'ACETAMINOFEN');
INSERT INTO BDD1_MONODROGA VALUES (72,'N - BUTIL BROMURO DE HIOSCINA');
INSERT INTO BDD1_MONODROGA VALUES (73,'CLORFENIRAMINA MALEATO.');
INSERT INTO BDD1_MONODROGA VALUES (74,'CAFEÍNA');
INSERT INTO BDD1_MONODROGA VALUES (75,'IBUPROFENO');
INSERT INTO BDD1_MONODROGA VALUES (76,'FENILEFRINA CLORHIDRATO');
INSERT INTO BDD1_MONODROGA VALUES (77,'ÁCIDO ACETILSALICÍLICO');
INSERT INTO BDD1_MONODROGA VALUES (78,'CAFEÍNA ANHIDRA');
INSERT INTO BDD1_MONODROGA VALUES (79,'CETIRIZINA DICLORHIDRATO');
INSERT INTO BDD1_MONODROGA VALUES (80,'CLORFENIRAMINA MALEATO');
INSERT INTO BDD1_MONODROGA VALUES (81,'DESLORATADINA');

--MEDICAMENTO
INSERT INTO BDD1_MEDICAMENTO VALUES (1,10,'STIVARGA',353);
INSERT INTO BDD1_MEDICAMENTO VALUES (2,7,'ISENTRESS',480);
INSERT INTO BDD1_MEDICAMENTO VALUES (3,9,'PIPERACILINA',469);
INSERT INTO BDD1_MEDICAMENTO VALUES (4,6,'ADVIL',409);
INSERT INTO BDD1_MEDICAMENTO VALUES (5,1,'ALERFASTD',471);
INSERT INTO BDD1_MEDICAMENTO VALUES (6,1,'BELAVIA',465);
INSERT INTO BDD1_MEDICAMENTO VALUES (7,6,'TRELEGY',384);
INSERT INTO BDD1_MEDICAMENTO VALUES (8,1,'TRIMEDAT',108);
INSERT INTO BDD1_MEDICAMENTO VALUES (9,6,'ALECENSA',331);
INSERT INTO BDD1_MEDICAMENTO VALUES (10,5,'OLUMIANT',105);
INSERT INTO BDD1_MEDICAMENTO VALUES (11,9,'ICLOMOD',313);
INSERT INTO BDD1_MEDICAMENTO VALUES (12,4,'SALBUTAMOL',73);
INSERT INTO BDD1_MEDICAMENTO VALUES (13,5,'VALSARTAN',151);
INSERT INTO BDD1_MEDICAMENTO VALUES (14,5,'LETROZOL',457);
INSERT INTO BDD1_MEDICAMENTO VALUES (15,5,'IPOPRIN',489);
INSERT INTO BDD1_MEDICAMENTO VALUES (16,6,'MCGPRESURIZADA',351);
INSERT INTO BDD1_MEDICAMENTO VALUES (17,2,'BUFEDOL',396);
INSERT INTO BDD1_MEDICAMENTO VALUES (18,3,'IBONE',276);
INSERT INTO BDD1_MEDICAMENTO VALUES (19,1,'TREEVER',145);
INSERT INTO BDD1_MEDICAMENTO VALUES (20,9,'CALTRATE',77);
INSERT INTO BDD1_MEDICAMENTO VALUES (21,5,'CLOPIDOGREL',222);
INSERT INTO BDD1_MEDICAMENTO VALUES (22,3,'PREHELLP',71);
INSERT INTO BDD1_MEDICAMENTO VALUES (23,9,'CLOZAPINA',41);
INSERT INTO BDD1_MEDICAMENTO VALUES (24,7,'NEUMOFARM',57);
INSERT INTO BDD1_MEDICAMENTO VALUES (25,6,'LAXALUD',213);
INSERT INTO BDD1_MEDICAMENTO VALUES (26,1,'NORVETAL',325);
INSERT INTO BDD1_MEDICAMENTO VALUES (27,10,'TIMOL-OFT.',299);
INSERT INTO BDD1_MEDICAMENTO VALUES (28,10,'OFTAGENT',197);
INSERT INTO BDD1_MEDICAMENTO VALUES (29,3,'RYDAPT',299);
INSERT INTO BDD1_MEDICAMENTO VALUES (30,2,'PEROXYN',185);
INSERT INTO BDD1_MEDICAMENTO VALUES (31,10,'ERTAGRAM',342);
INSERT INTO BDD1_MEDICAMENTO VALUES (32,4,'ISTICOL',59);
INSERT INTO BDD1_MEDICAMENTO VALUES (33,8,'BUCOSEPTOL',286);
INSERT INTO BDD1_MEDICAMENTO VALUES (34,3,'ISOTROPINOL',426);
INSERT INTO BDD1_MEDICAMENTO VALUES (35,4,'NEURONOX',263);
INSERT INTO BDD1_MEDICAMENTO VALUES (36,2,'ARIZIL',267);
INSERT INTO BDD1_MEDICAMENTO VALUES (37,6,'PRALUENT',82);
INSERT INTO BDD1_MEDICAMENTO VALUES (38,8,'AMPHOCIL',186);
INSERT INTO BDD1_MEDICAMENTO VALUES (39,1,'TERBIFIN',433);
INSERT INTO BDD1_MEDICAMENTO VALUES (40,9,'DIGESAL',303);
INSERT INTO BDD1_MEDICAMENTO VALUES (41,3,'FATRIMFAT',176);
INSERT INTO BDD1_MEDICAMENTO VALUES (42,9,'TRIMFAT',19);
INSERT INTO BDD1_MEDICAMENTO VALUES (43,4,'BECLOMETASONA DIPROPIONATO',241);
INSERT INTO BDD1_MEDICAMENTO VALUES (44,3,'ACETATO DE MEDROXIPROGESTERONA',271);
INSERT INTO BDD1_MEDICAMENTO VALUES (45,1,'KAINOL',163);
INSERT INTO BDD1_MEDICAMENTO VALUES (46,7,'NEUMOFARM',88);
INSERT INTO BDD1_MEDICAMENTO VALUES (47,5,'ROVARTAL',207);
INSERT INTO BDD1_MEDICAMENTO VALUES (48,10,'ACIDOZOLEDRONICO',492);
INSERT INTO BDD1_MEDICAMENTO VALUES (49,4,'SALBUTAMOL',430);
INSERT INTO BDD1_MEDICAMENTO VALUES (50,8,'NIFURMET',32);
INSERT INTO BDD1_MEDICAMENTO VALUES (51,4,'GALMIFIX',245);
INSERT INTO BDD1_MEDICAMENTO VALUES (52,8,'ADIX',250);
INSERT INTO BDD1_MEDICAMENTO VALUES (53,3,'TRACURION',493);
INSERT INTO BDD1_MEDICAMENTO VALUES (54,5,'ORLISHER',48);
INSERT INTO BDD1_MEDICAMENTO VALUES (55,10,'CIPROSHE',77);
INSERT INTO BDD1_MEDICAMENTO VALUES (56,6,'SULTASHER',387);
INSERT INTO BDD1_MEDICAMENTO VALUES (57,6,'DAPTOMRED',232);
INSERT INTO BDD1_MEDICAMENTO VALUES (58,9,'MONTESHER',17);
INSERT INTO BDD1_MEDICAMENTO VALUES (59,9,'TAGRISSO',16);
INSERT INTO BDD1_MEDICAMENTO VALUES (60,2,'SILDENAFILO',444);
INSERT INTO BDD1_MEDICAMENTO VALUES (61,6,'MONTESHER',359);
INSERT INTO BDD1_MEDICAMENTO VALUES (62,3,'DAPTOMRED',107);
INSERT INTO BDD1_MEDICAMENTO VALUES (63,5,'TIOZIDE',239);
INSERT INTO BDD1_MEDICAMENTO VALUES (64,2,'ERANFU',261);
INSERT INTO BDD1_MEDICAMENTO VALUES (65,9,'GAMABENCENO',424);
INSERT INTO BDD1_MEDICAMENTO VALUES (66,2,'LIPOSTAN',215);
INSERT INTO BDD1_MEDICAMENTO VALUES (67,8,'ESQUERATGEL',412);
INSERT INTO BDD1_MEDICAMENTO VALUES (68,3,'LUCIDRIL50',16);
INSERT INTO BDD1_MEDICAMENTO VALUES (69,5,'EFECDOL',74);
INSERT INTO BDD1_MEDICAMENTO VALUES (70,5,'BANTACE',474);
INSERT INTO BDD1_MEDICAMENTO VALUES (71,3,'EUFLEXXA',386);
INSERT INTO BDD1_MEDICAMENTO VALUES (72,9,'PRESARTIN',89);
INSERT INTO BDD1_MEDICAMENTO VALUES (73,6,'MELATONIN',469);
INSERT INTO BDD1_MEDICAMENTO VALUES (74,3,'AIRE SINTETICO MEDICINAL',273);
INSERT INTO BDD1_MEDICAMENTO VALUES (75,10,'ZENTAIR',207);
INSERT INTO BDD1_MEDICAMENTO VALUES (76,3,'ARLUY',90);
INSERT INTO BDD1_MEDICAMENTO VALUES (77,9,'FINCOSIX',39);
INSERT INTO BDD1_MEDICAMENTO VALUES (78,5,'SENFRENDA',433);
INSERT INTO BDD1_MEDICAMENTO VALUES (79,2,'TACROLIMUS',3);
INSERT INTO BDD1_MEDICAMENTO VALUES (80,9,'NEPHROMAG',170);
INSERT INTO BDD1_MEDICAMENTO VALUES (81,8,'APRACAL',428);
INSERT INTO BDD1_MEDICAMENTO VALUES (82,6,'GLAUC OFF SOFT.',207);
INSERT INTO BDD1_MEDICAMENTO VALUES (83,6,'GLAUC OFF',240);
INSERT INTO BDD1_MEDICAMENTO VALUES (84,2,'BKMEZOL',187);
INSERT INTO BDD1_MEDICAMENTO VALUES (85,8,'MAXIPERBA',193);
INSERT INTO BDD1_MEDICAMENTO VALUES (86,9,'ARIZIL',116);
INSERT INTO BDD1_MEDICAMENTO VALUES (87,5,'NUMETA',432);
INSERT INTO BDD1_MEDICAMENTO VALUES (88,2,'TOREZA',9);
INSERT INTO BDD1_MEDICAMENTO VALUES (89,7,'VILDAGLIPTINA',271);
INSERT INTO BDD1_MEDICAMENTO VALUES (90,6,'SIMVASTATINA',99);
INSERT INTO BDD1_MEDICAMENTO VALUES (91,8,'BISOPROLOL FUMARATO',268);
INSERT INTO BDD1_MEDICAMENTO VALUES (92,4,'FINCLER ',182);
INSERT INTO BDD1_MEDICAMENTO VALUES (93,9,'NERSEDAL',413);
INSERT INTO BDD1_MEDICAMENTO VALUES (94,5,'HIDROCLOROTIAZIDA',286);
INSERT INTO BDD1_MEDICAMENTO VALUES (95,8,'NASIDEN',200);
INSERT INTO BDD1_MEDICAMENTO VALUES (96,4,'RAMIPRIL',114);
INSERT INTO BDD1_MEDICAMENTO VALUES (97,4,'BEVESPIA',265);
INSERT INTO BDD1_MEDICAMENTO VALUES (98,2,'BRIVAXON',63);
INSERT INTO BDD1_MEDICAMENTO VALUES (99,5,'RODIFLEX',382);
INSERT INTO BDD1_MEDICAMENTO VALUES (100,9,'ACLOVISIR',233);
INSERT INTO BDD1_MEDICAMENTO VALUES (101,5,'EXPRAZOL',492);
INSERT INTO BDD1_MEDICAMENTO VALUES (102,6,'PSICOFOS',389);
INSERT INTO BDD1_MEDICAMENTO VALUES (103,1,'QUEPINA',242);
INSERT INTO BDD1_MEDICAMENTO VALUES (104,1,'PRENAVIR',279);
INSERT INTO BDD1_MEDICAMENTO VALUES (105,9,'LENZETTO',414);
INSERT INTO BDD1_MEDICAMENTO VALUES (106,9,'AKATONE',390);
INSERT INTO BDD1_MEDICAMENTO VALUES (107,10,'PREDNISOLIN',403);
INSERT INTO BDD1_MEDICAMENTO VALUES (108,7,'BROMURO',349);
INSERT INTO BDD1_MEDICAMENTO VALUES (109,5,'FARMA',119);
INSERT INTO BDD1_MEDICAMENTO VALUES (110,2,'ODEFSEY',236);
INSERT INTO BDD1_MEDICAMENTO VALUES (111,2,'IMIPENEM',441);
INSERT INTO BDD1_MEDICAMENTO VALUES (112,2,'MEJORAL PLUS',313);
INSERT INTO BDD1_MEDICAMENTO VALUES (113,6,'QUEXEL850',94);
INSERT INTO BDD1_MEDICAMENTO VALUES (114,1,'BROMURO',12);
INSERT INTO BDD1_MEDICAMENTO VALUES (115,1,'CEVIT',347);
INSERT INTO BDD1_MEDICAMENTO VALUES (116,6,'INFREDOS ',146);
INSERT INTO BDD1_MEDICAMENTO VALUES (117,1,'SUPOGLI',38);
INSERT INTO BDD1_MEDICAMENTO VALUES (118,2,'OLOPAT',91);
INSERT INTO BDD1_MEDICAMENTO VALUES (119,4,'ESOMEPRAZOL',381);
INSERT INTO BDD1_MEDICAMENTO VALUES (120,7,'MONTELUKAST',355);
INSERT INTO BDD1_MEDICAMENTO VALUES (121,2,'LIDOCAINA',125);
INSERT INTO BDD1_MEDICAMENTO VALUES (122,1,'FLUOXETINA',276);
INSERT INTO BDD1_MEDICAMENTO VALUES (123,9,'MGLIOFILIZADO',280);
INSERT INTO BDD1_MEDICAMENTO VALUES (124,7,'ONDANSETRON',304);
INSERT INTO BDD1_MEDICAMENTO VALUES (125,6,'GLIOFILIZADO',100);
INSERT INTO BDD1_MEDICAMENTO VALUES (126,7,'VANCOMICINA',445);
INSERT INTO BDD1_MEDICAMENTO VALUES (127,4,'PRESARTIN',383);
INSERT INTO BDD1_MEDICAMENTO VALUES (128,6,'APROLAC',403);
INSERT INTO BDD1_MEDICAMENTO VALUES (129,10,'OLANZAPINA',254);
INSERT INTO BDD1_MEDICAMENTO VALUES (130,6,'PENTASOL0',31);
INSERT INTO BDD1_MEDICAMENTO VALUES (131,3,'EVIGAXBLANDA',9);
INSERT INTO BDD1_MEDICAMENTO VALUES (132,5,'NEVIRAPINA',13);
INSERT INTO BDD1_MEDICAMENTO VALUES (133,9,'OXIGENO',437);
INSERT INTO BDD1_MEDICAMENTO VALUES (134,2,'VALCOTE',425);
INSERT INTO BDD1_MEDICAMENTO VALUES (135,8,'COTELLIC',250);
INSERT INTO BDD1_MEDICAMENTO VALUES (136,7,'PRESSOFTALM SOFT',84);
INSERT INTO BDD1_MEDICAMENTO VALUES (137,7,'TARTRATO DE BRIMONIDINA',282);
INSERT INTO BDD1_MEDICAMENTO VALUES (138,4,'DARIVIH',140);
INSERT INTO BDD1_MEDICAMENTO VALUES (139,7,'PRAZENTOL',163);
INSERT INTO BDD1_MEDICAMENTO VALUES (140,4,'IOPAMIDOL',13);
INSERT INTO BDD1_MEDICAMENTO VALUES (141,6,'CYTIL',473);
INSERT INTO BDD1_MEDICAMENTO VALUES (142,1,'SCHERIPROCT',317);
INSERT INTO BDD1_MEDICAMENTO VALUES (143,1,'FINACEA',304);
INSERT INTO BDD1_MEDICAMENTO VALUES (144,10,'BLASTOVIN',237);
INSERT INTO BDD1_MEDICAMENTO VALUES (145,4,'BETADREN ',252);
INSERT INTO BDD1_MEDICAMENTO VALUES (146,6,'SETRAX',17);
INSERT INTO BDD1_MEDICAMENTO VALUES (147,9,'SILDENAFILO',499);
INSERT INTO BDD1_MEDICAMENTO VALUES (148,9,'BONAMES',264);
INSERT INTO BDD1_MEDICAMENTO VALUES (149,7,'BECLOMETASONA',137);
INSERT INTO BDD1_MEDICAMENTO VALUES (150,10,'ANTISS',476);
INSERT INTO BDD1_MEDICAMENTO VALUES (151,8,'TRAVAD',167);
INSERT INTO BDD1_MEDICAMENTO VALUES (152,4,'FURM',421);
INSERT INTO BDD1_MEDICAMENTO VALUES (153,7,'PAMEZONE',185);
INSERT INTO BDD1_MEDICAMENTO VALUES (154,8,'ZOCILED',174);
INSERT INTO BDD1_MEDICAMENTO VALUES (155,7,'NUTRA JOINT COMFORT',132);
INSERT INTO BDD1_MEDICAMENTO VALUES (156,6,'ESOMEPRAZOL.',56);
INSERT INTO BDD1_MEDICAMENTO VALUES (157,1,'ALBENDAZOL',379);
INSERT INTO BDD1_MEDICAMENTO VALUES (158,9,'CAPTOPRIL',493);
INSERT INTO BDD1_MEDICAMENTO VALUES (159,7,'CAPTOPRIL',297);
INSERT INTO BDD1_MEDICAMENTO VALUES (160,6,'CLOTRIMAZOL',410);
INSERT INTO BDD1_MEDICAMENTO VALUES (161,6,'ALBENDAZOL',51);
INSERT INTO BDD1_MEDICAMENTO VALUES (162,1,'N- ACETIL',245);
INSERT INTO BDD1_MEDICAMENTO VALUES (163,4,'TRIMETOPRIM',31);
INSERT INTO BDD1_MEDICAMENTO VALUES (164,4,'PREBB',489);
INSERT INTO BDD1_MEDICAMENTO VALUES (165,4,'PHARMAGRIPS',134);
INSERT INTO BDD1_MEDICAMENTO VALUES (166,9,'ACNOIC',359);
INSERT INTO BDD1_MEDICAMENTO VALUES (167,1,'IRINOTECAN',2);
INSERT INTO BDD1_MEDICAMENTO VALUES (168,3,'ACIDO ZOLEDRONICO',84);
INSERT INTO BDD1_MEDICAMENTO VALUES (169,3,'PACLITAXEL',255);
INSERT INTO BDD1_MEDICAMENTO VALUES (170,5,'ALERGEX',149);
INSERT INTO BDD1_MEDICAMENTO VALUES (171,9,'ESTEINE',4);
INSERT INTO BDD1_MEDICAMENTO VALUES (172,6,'PAMOXPEN',195);
INSERT INTO BDD1_MEDICAMENTO VALUES (173,1,'ALPRAZOLAM',252);
INSERT INTO BDD1_MEDICAMENTO VALUES (174,6,'LURALEP',386);
INSERT INTO BDD1_MEDICAMENTO VALUES (175,1,'ACZOL',496);
INSERT INTO BDD1_MEDICAMENTO VALUES (176,7,'MOBIOL',323);
INSERT INTO BDD1_MEDICAMENTO VALUES (177,9,'MON. IYOT',38);
INSERT INTO BDD1_MEDICAMENTO VALUES (178,3,'GENERADOR MON TEK',365);
INSERT INTO BDD1_MEDICAMENTO VALUES (179,5,'LOSARTAN POTASICO',248);
INSERT INTO BDD1_MEDICAMENTO VALUES (180,10,'DOXETAL',230);
INSERT INTO BDD1_MEDICAMENTO VALUES (181,8,'DERGINTREX',472);
INSERT INTO BDD1_MEDICAMENTO VALUES (182,2,'SANCOLIN NF',164);
INSERT INTO BDD1_MEDICAMENTO VALUES (183,5,'ALODIL25 MG',333);
INSERT INTO BDD1_MEDICAMENTO VALUES (184,7,'MEZOLIDE',30);
INSERT INTO BDD1_MEDICAMENTO VALUES (185,5,'OPTYLINE CLEAR',69);
INSERT INTO BDD1_MEDICAMENTO VALUES (186,7,'REMIFENTANILO 500',110);
INSERT INTO BDD1_MEDICAMENTO VALUES (187,10,'REMIFENTANILO 1000',408);
INSERT INTO BDD1_MEDICAMENTO VALUES (188,7,'VANCOMICINA 500',44);
INSERT INTO BDD1_MEDICAMENTO VALUES (189,7,'VANCOMICINA 800',352);
INSERT INTO BDD1_MEDICAMENTO VALUES (190,6,'CEFEPIMA',75);
INSERT INTO BDD1_MEDICAMENTO VALUES (191,8,'RENILAX',460);
INSERT INTO BDD1_MEDICAMENTO VALUES (192,8,'ABALPIN',216);
INSERT INTO BDD1_MEDICAMENTO VALUES (193,1,'TRIMETOPRIM',283);
INSERT INTO BDD1_MEDICAMENTO VALUES (194,4,'OXICLARINE',114);
INSERT INTO BDD1_MEDICAMENTO VALUES (195,8,'BROMURO DE IPRATROPIO',37);
INSERT INTO BDD1_MEDICAMENTO VALUES (196,6,'BECLOMETASONA DIPROPIONATO',234);
INSERT INTO BDD1_MEDICAMENTO VALUES (197,8,'ACIDOIBANDRONICO',468);
INSERT INTO BDD1_MEDICAMENTO VALUES (198,10,'DUOPAS',477);
INSERT INTO BDD1_MEDICAMENTO VALUES (199,7,'INSULEXR',386);
INSERT INTO BDD1_MEDICAMENTO VALUES (200,4,'FLUI-DEX',490);

-- LABORATORIO
INSERT INTO BDD1_LABORATORIO VALUES(1,'BAYER A.G','14 CALLE CALLEJON 15 14-339 ZONA 5','RODRIGUEZ,BARRIOS,SANDOVAL,AURA,MARINA','40535340');
INSERT INTO BDD1_LABORATORIO VALUES(2,'MERCK SHARP DOHME CORP.','13 AVENIDA 5-60 ZONA 4','MIRANDA,AGUILAR,,MARINO,ESTANISLAO','77606994');
INSERT INTO BDD1_LABORATORIO VALUES(3,'FARMALOGICA S A','05 CALLE 14-159 ZONA 4','MALDONADO,BARRIOS,,MARIO,DOMINGO','77606647');
INSERT INTO BDD1_LABORATORIO VALUES(4,'PFIZER INC','10 AVENIDA 06-28 ZONA 4','CALDERON,CRUZ,,FELIX,EDUARDO ANTONIO','77607356');
INSERT INTO BDD1_LABORATORIO VALUES(5,'TECNOQUIMICAS S.A.','06 CALLE 07-017 ZONA 2','BARRIENTOS,PRILLWITZ,,WILLIAM,JERONIMO','601818');
INSERT INTO BDD1_LABORATORIO VALUES(6,'SCANDINAVIA PHARMA LTDA','6A CALLE 7-15 ZONA 2','ROSALES,ARGUELLES,BARRIOS,REYNA,EVARISTA','77601818');
INSERT INTO BDD1_LABORATORIO VALUES(7,'GLAXOSMITHKLINE COLOMBIA S A','05 AV 11-044 ZONA 1','CANO,VALDEZ,,JULIO,CESAR','601530');
INSERT INTO BDD1_LABORATORIO VALUES(8,'LABORATORIOS MINTLAB S.A.S.','15 AV 19-065 ZONA 13','ESCOBAR,VILLATORO,,VICTOR,MANUEL','65152');
INSERT INTO BDD1_LABORATORIO VALUES(9,'F. HOFFMANN-LA ROCHE LTD','12 AVENIDA A LOTIFICACION SAN JORGE II LOTE P 5  ZONA 3','ALVARADO,OCHOA,,OLGA,LETICIA','77608863');
INSERT INTO BDD1_LABORATORIO VALUES(10,'ELI LILLY AND COMPANY','7A AVENIDA 6-18 ZONA 2','BARRAGAN,LONGO,,MARCO,TULIO','77601692');
INSERT INTO BDD1_LABORATORIO VALUES(11,'SANDOZ GMBH','9A CALLE 12-51 ZONA 3','LOPEZ,DE LEON,,URBANO,','59721035');
INSERT INTO BDD1_LABORATORIO VALUES(12,'NOVARTIS DE COLOMBIA S A','19 AVENIDA A 5-06 ZONA 5','CASTILLO,LAM,,EDGAR,RONNY','7605624');
INSERT INTO BDD1_LABORATORIO VALUES(13,'MSN LABORATORIES PRIVATE LIMITED','10A  CALLE 12-217 ZONA 3','ESCOBAR,BARRIOS,,CESAR,AUGUSTO','77602404');
INSERT INTO BDD1_LABORATORIO VALUES(14,'PFIZER S A S','15 AVENIDA 7-62 ZONA 3','MALDONADO Y,MALDONADO,,OTTO,GERMAN','59968429');
INSERT INTO BDD1_LABORATORIO VALUES(15,'GRUINFACOL S.A.','7A AVENIDA A 10-56 ZONA 1','ARANGO,MANSILLA,,JOSE,MARIA','77604707');
INSERT INTO BDD1_LABORATORIO VALUES(16,'LABORATORIO FRANCO COLOMBIANO - LAFRANCOL S.A.S.','7A AVENIDA 6-45 ZONA 2','AZURDIA,MORALES,,CESAR,AUGUSTO','41206838');
INSERT INTO BDD1_LABORATORIO VALUES(17,'QUIRUPOS S.A.S.','10A CALLE 10-00 ZONA 1','DE LEON,GOMEZ,,MARIANO,ISMAEL','77603584');
INSERT INTO BDD1_LABORATORIO VALUES(18,'GLAXOSMITHKLINE CONSUMER HEALTHCARE COLOMBIA S.A.S','5 CALLE 2DO CALLEJON 2-45 ZONA 5','GONZALEZ,ROBLERO,,JAIME,ANIBAL','57691415');
INSERT INTO BDD1_LABORATORIO VALUES(19,'LABORATORIOS LEGRAND S.A.','9 CALLE 14-26 ZONA 3','ALPIREZ,PEREZ,,MANUEL,IVAN','44764788');
INSERT INTO BDD1_LABORATORIO VALUES(20,'WINTHROP PHARMACEUTICALS DE COLOMBIA S.A.','9 CALLE 5-27 ZONA 1','DOMINGO,RAMIREZ,,FEDERICO,FIDEL','53171284');
INSERT INTO BDD1_LABORATORIO VALUES(21,'TECNOFAR TQ S.A.S.','7A AVENIDA 4-91 ZONA 2','MIRANDA,SANDOVAL,,MAGNOLIA,CATALINA','48177364');
INSERT INTO BDD1_LABORATORIO VALUES(22,'LABORATORIOS ECAR S.A','5A CALLE A 14-453 ZONA 5','VELASQUEZ,OROZCO,,LUIS,RENE','54123750');
INSERT INTO BDD1_LABORATORIO VALUES(23,'LABORATORIOS SYNTHESIS S.A.S.','8A CALLE  A 8-32 ZONA 2','JUI,OCHOA,,HERWIN,OSWALDO','77602279');
INSERT INTO BDD1_LABORATORIO VALUES(24,'NOVARTIS PHARMA AG','8 AVENIDA A 7-37 ZONA 2','OCHOA,LOPEZ,,ANTONIO,ETIHEL','40240046');
INSERT INTO BDD1_LABORATORIO VALUES(25,'MEGALABS COLOMBIA S.A.S.','14 AVENIDA 7-249 ZONA 3','LOPEZ,CIFUENTES,,BYRON,ARAHEL','54132398');
INSERT INTO BDD1_LABORATORIO VALUES(26,'AUROBINDO PHARMA LTD','12 AVENIDA 9-96 ZONA 3','SCOTT,OSORIO,,WILLY,BOANERGES','46825660');
INSERT INTO BDD1_LABORATORIO VALUES(27,'LABORATORIOS NEOLTDA.','12 AVENIDA 9-73 ZONA 3','ARANGO,CUSTODIO,,JUAN,MANUEL','77601217');
INSERT INTO BDD1_LABORATORIO VALUES(28,'ARIS PHARMA S.A.S.','9A CALLE 10-46 ZONA 3','CASTILLO,ESCOBAR,SANDOVAL,MIRIAN,ELIZABETH','56215019');
INSERT INTO BDD1_LABORATORIO VALUES(29,'HUMAX PHARMACEUTICAL S.A.','8A   CALLE 12-101 ZONA 3','DE LEON,VASCONCELOS,,MYNOR,RODOLFO','77609173');
INSERT INTO BDD1_LABORATORIO VALUES(30,'SUN PHARMACEUTICALS INDUSTRIES LIMITED','5 CALLE 13-129 ZONA 4','RODAS,GODINEZ,OROZCO,CRISTINA,GERONIMA','50300606');
INSERT INTO BDD1_LABORATORIO VALUES(31,'SANOFI-AVENTIS DE COLOMBIA S.A.','7A CALLE 13-75 ZONA 3','VILLACINDA,MALDONADO,,ROY,WALTER','56931869');
INSERT INTO BDD1_LABORATORIO VALUES(32,'PHARMALAB PHL LABORATORIOSS.A.S.','5 CALLE 14-119 ZONA 4','MERIDA,GUZMAN,,EDILSAR,MOISES','77604816');
INSERT INTO BDD1_LABORATORIO VALUES(33,'GLOBAL MARKETING FARMACEUTICA S.A','10MA CALLE 12-108 ZONA 3','SIGUENZA,REYNOSA,,CELESTE,ALEJANDRINA','77603030');
INSERT INTO BDD1_LABORATORIO VALUES(34,'FARMA DE COLOMBIA S.A.S.','7MA CALLE 7-42 ZONA 2','ROBLERO,PEREZ,,VIDAL,EVERILDO','33287723');
INSERT INTO BDD1_LABORATORIO VALUES(35,'FAES FARMA CHILE. SALUD Y NUTRICIÓN LTDA','7MA CALLE 14-85 ZONA 3','BARRAGAN,OCHOA,,BILLY,URBANO','77601047');
INSERT INTO BDD1_LABORATORIO VALUES(36,'FEPARVI LTDA','6 CALLE 15-20 ZONA 4','ROMANO,CUSTODIO,,RENNATA,WALESKA','55509206');
INSERT INTO BDD1_LABORATORIO VALUES(37,'BIOQUIMICO PHARMAS.A.','7A  AVENIDA 4-52 ZONA 2','MAZARIEGOS,MALDONADO,,GUILLERMO,ARMANDO','77603038');
INSERT INTO BDD1_LABORATORIO VALUES(38,'LABORATORIOS MK S.A.S.','6A. CALLE 7-17 ZONA 2','BARRIOS,MORALES,FUENTES,VICTORIA,EUGENIA','7601455');
INSERT INTO BDD1_LABORATORIO VALUES(39,'SCANDINAVIA PHARMA LTDA.','10 AVENIDA 7-01 ZONA 3','LOPEZ,Y LOPEZ,,JULIO,WENIL','30407793');


-- ACCION_TERAPEUTICA
INSERT INTO BDD1_ACCION_TERAPEUTICA VALUES (1,'ANSIEDAD');
INSERT INTO BDD1_ACCION_TERAPEUTICA VALUES (2,'ANALGESICO');
INSERT INTO BDD1_ACCION_TERAPEUTICA VALUES (3,'VITAMINAS');
INSERT INTO BDD1_ACCION_TERAPEUTICA VALUES (4,'LEVANTA DEFENSAS');
INSERT INTO BDD1_ACCION_TERAPEUTICA VALUES (5,'ANTIBIOTICO');
INSERT INTO BDD1_ACCION_TERAPEUTICA VALUES (6,'COMBATE ESTRES');
INSERT INTO BDD1_ACCION_TERAPEUTICA VALUES (7,'RECONSTITUYENTE');
INSERT INTO BDD1_ACCION_TERAPEUTICA VALUES (8,'COMPULSIVIDAD');
INSERT INTO BDD1_ACCION_TERAPEUTICA VALUES (9,'SUEÑO');
INSERT INTO BDD1_ACCION_TERAPEUTICA VALUES (10,'HIPERACTIVIDAD');


-- COMPOSICION_MEDICAMENTO
INSERT INTO BDD1_COMPOSICION_MEDICAMENTO VALUES(19,1,'452 MG');
INSERT INTO BDD1_COMPOSICION_MEDICAMENTO VALUES(24,1,'46 MG');
INSERT INTO BDD1_COMPOSICION_MEDICAMENTO VALUES(17,1,'367 MG');
INSERT INTO BDD1_COMPOSICION_MEDICAMENTO VALUES(11,2,'108 MG');
INSERT INTO BDD1_COMPOSICION_MEDICAMENTO VALUES(69,2,'416 MG');
INSERT INTO BDD1_COMPOSICION_MEDICAMENTO VALUES(63,3,'712 MG');
INSERT INTO BDD1_COMPOSICION_MEDICAMENTO VALUES(79,4,'184 MG');
INSERT INTO BDD1_COMPOSICION_MEDICAMENTO VALUES(39,5,'98 MG');
INSERT INTO BDD1_COMPOSICION_MEDICAMENTO VALUES(66,5,'780 MG');
INSERT INTO BDD1_COMPOSICION_MEDICAMENTO VALUES(32,6,'248 MG');
INSERT INTO BDD1_COMPOSICION_MEDICAMENTO VALUES(56,7,'278 MG');
INSERT INTO BDD1_COMPOSICION_MEDICAMENTO VALUES(12,7,'298 MG');
INSERT INTO BDD1_COMPOSICION_MEDICAMENTO VALUES(63,8,'836 MG');
INSERT INTO BDD1_COMPOSICION_MEDICAMENTO VALUES(55,8,'955 MG');
INSERT INTO BDD1_COMPOSICION_MEDICAMENTO VALUES(42,9,'219 MG');
INSERT INTO BDD1_COMPOSICION_MEDICAMENTO VALUES(70,10,'831 MG');
INSERT INTO BDD1_COMPOSICION_MEDICAMENTO VALUES(1,10,'507 MG');
INSERT INTO BDD1_COMPOSICION_MEDICAMENTO VALUES(54,11,'802 MG');
INSERT INTO BDD1_COMPOSICION_MEDICAMENTO VALUES(62,12,'444 MG');
INSERT INTO BDD1_COMPOSICION_MEDICAMENTO VALUES(50,12,'909 MG');
INSERT INTO BDD1_COMPOSICION_MEDICAMENTO VALUES(54,13,'892 MG');
INSERT INTO BDD1_COMPOSICION_MEDICAMENTO VALUES(48,13,'170 MG');
INSERT INTO BDD1_COMPOSICION_MEDICAMENTO VALUES(32,14,'592 MG');
INSERT INTO BDD1_COMPOSICION_MEDICAMENTO VALUES(41,15,'940 MG');
INSERT INTO BDD1_COMPOSICION_MEDICAMENTO VALUES(33,15,'12 MG');
INSERT INTO BDD1_COMPOSICION_MEDICAMENTO VALUES(32,16,'384 MG');
INSERT INTO BDD1_COMPOSICION_MEDICAMENTO VALUES(65,17,'83 MG');
INSERT INTO BDD1_COMPOSICION_MEDICAMENTO VALUES(30,17,'963 MG');
INSERT INTO BDD1_COMPOSICION_MEDICAMENTO VALUES(8,8,'405 MG');
INSERT INTO BDD1_COMPOSICION_MEDICAMENTO VALUES(43,8,'425 MG');
INSERT INTO BDD1_COMPOSICION_MEDICAMENTO VALUES(11,9,'62 MG');
INSERT INTO BDD1_COMPOSICION_MEDICAMENTO VALUES(11,10,'788 MG');
INSERT INTO BDD1_COMPOSICION_MEDICAMENTO VALUES(2,10,'701 MG');
INSERT INTO BDD1_COMPOSICION_MEDICAMENTO VALUES(66,11,'198 MG');
INSERT INTO BDD1_COMPOSICION_MEDICAMENTO VALUES(20,12,'578 MG');
INSERT INTO BDD1_COMPOSICION_MEDICAMENTO VALUES(33,12,'391 MG');
INSERT INTO BDD1_COMPOSICION_MEDICAMENTO VALUES(43,13,'751 MG');
INSERT INTO BDD1_COMPOSICION_MEDICAMENTO VALUES(19,13,'128 MG');
INSERT INTO BDD1_COMPOSICION_MEDICAMENTO VALUES(60,14,'39 MG');
INSERT INTO BDD1_COMPOSICION_MEDICAMENTO VALUES(21,15,'99 MG');
INSERT INTO BDD1_COMPOSICION_MEDICAMENTO VALUES(72,18,'838 MG');
INSERT INTO BDD1_COMPOSICION_MEDICAMENTO VALUES(17,18,'464 MG');
INSERT INTO BDD1_COMPOSICION_MEDICAMENTO VALUES(44,19,'499 MG');
INSERT INTO BDD1_COMPOSICION_MEDICAMENTO VALUES(13,20,'555 MG');
INSERT INTO BDD1_COMPOSICION_MEDICAMENTO VALUES(20,20,'195 MG');
INSERT INTO BDD1_COMPOSICION_MEDICAMENTO VALUES(6,21,'807 MG');
INSERT INTO BDD1_COMPOSICION_MEDICAMENTO VALUES(60,22,'807 MG');
INSERT INTO BDD1_COMPOSICION_MEDICAMENTO VALUES(20,22,'486 MG');
INSERT INTO BDD1_COMPOSICION_MEDICAMENTO VALUES(61,23,'262 MG');
INSERT INTO BDD1_COMPOSICION_MEDICAMENTO VALUES(53,24,'254 MG');
INSERT INTO BDD1_COMPOSICION_MEDICAMENTO VALUES(30,24,'74 MG');
INSERT INTO BDD1_COMPOSICION_MEDICAMENTO VALUES(43,25,'374 MG');
INSERT INTO BDD1_COMPOSICION_MEDICAMENTO VALUES(36,25,'195 MG');
INSERT INTO BDD1_COMPOSICION_MEDICAMENTO VALUES(42,26,'843 MG');
INSERT INTO BDD1_COMPOSICION_MEDICAMENTO VALUES(29,27,'414 MG');
INSERT INTO BDD1_COMPOSICION_MEDICAMENTO VALUES(33,27,'397 MG');
INSERT INTO BDD1_COMPOSICION_MEDICAMENTO VALUES(33,15,'189 MG');
INSERT INTO BDD1_COMPOSICION_MEDICAMENTO VALUES(34,16,'84 MG');
INSERT INTO BDD1_COMPOSICION_MEDICAMENTO VALUES(54,17,'390 MG');
INSERT INTO BDD1_COMPOSICION_MEDICAMENTO VALUES(21,17,'50 MG');
INSERT INTO BDD1_COMPOSICION_MEDICAMENTO VALUES(51,18,'394 MG');
INSERT INTO BDD1_COMPOSICION_MEDICAMENTO VALUES(66,18,'464 MG');
INSERT INTO BDD1_COMPOSICION_MEDICAMENTO VALUES(51,19,'627 MG');
INSERT INTO BDD1_COMPOSICION_MEDICAMENTO VALUES(75,20,'664 MG');
INSERT INTO BDD1_COMPOSICION_MEDICAMENTO VALUES(51,20,'198 MG');
INSERT INTO BDD1_COMPOSICION_MEDICAMENTO VALUES(10,21,'502 MG');
INSERT INTO BDD1_COMPOSICION_MEDICAMENTO VALUES(55,22,'129 MG');
INSERT INTO BDD1_COMPOSICION_MEDICAMENTO VALUES(80,22,'852 MG');
INSERT INTO BDD1_COMPOSICION_MEDICAMENTO VALUES(43,28,'306 MG');
INSERT INTO BDD1_COMPOSICION_MEDICAMENTO VALUES(28,29,'141 MG');
INSERT INTO BDD1_COMPOSICION_MEDICAMENTO VALUES(14,29,'943 MG');
INSERT INTO BDD1_COMPOSICION_MEDICAMENTO VALUES(15,30,'733 MG');
INSERT INTO BDD1_COMPOSICION_MEDICAMENTO VALUES(12,30,'647 MG');
INSERT INTO BDD1_COMPOSICION_MEDICAMENTO VALUES(3,31,'848 MG');
INSERT INTO BDD1_COMPOSICION_MEDICAMENTO VALUES(52,32,'597 MG');
INSERT INTO BDD1_COMPOSICION_MEDICAMENTO VALUES(72,32,'475 MG');
INSERT INTO BDD1_COMPOSICION_MEDICAMENTO VALUES(32,33,'21 MG');
INSERT INTO BDD1_COMPOSICION_MEDICAMENTO VALUES(3,49,'748 MG');
INSERT INTO BDD1_COMPOSICION_MEDICAMENTO VALUES(12,49,'674 MG');
INSERT INTO BDD1_COMPOSICION_MEDICAMENTO VALUES(5,50,'207 MG');
INSERT INTO BDD1_COMPOSICION_MEDICAMENTO VALUES(51,51,'226 MG');
INSERT INTO BDD1_COMPOSICION_MEDICAMENTO VALUES(58,51,'473 MG');
INSERT INTO BDD1_COMPOSICION_MEDICAMENTO VALUES(49,52,'536 MG');
INSERT INTO BDD1_COMPOSICION_MEDICAMENTO VALUES(48,52,'771 MG');
INSERT INTO BDD1_COMPOSICION_MEDICAMENTO VALUES(59,53,'934 MG');
INSERT INTO BDD1_COMPOSICION_MEDICAMENTO VALUES(79,54,'310 MG');
INSERT INTO BDD1_COMPOSICION_MEDICAMENTO VALUES(65,54,'132 MG');
INSERT INTO BDD1_COMPOSICION_MEDICAMENTO VALUES(17,55,'192 MG');
INSERT INTO BDD1_COMPOSICION_MEDICAMENTO VALUES(56,56,'151 MG');
INSERT INTO BDD1_COMPOSICION_MEDICAMENTO VALUES(48,56,'30 MG');
INSERT INTO BDD1_COMPOSICION_MEDICAMENTO VALUES(2,57,'927 MG');
INSERT INTO BDD1_COMPOSICION_MEDICAMENTO VALUES(48,57,'363 MG');
INSERT INTO BDD1_COMPOSICION_MEDICAMENTO VALUES(79,58,'858 MG');
INSERT INTO BDD1_COMPOSICION_MEDICAMENTO VALUES(2,59,'981 MG');
INSERT INTO BDD1_COMPOSICION_MEDICAMENTO VALUES(79,59,'815 MG');
INSERT INTO BDD1_COMPOSICION_MEDICAMENTO VALUES(21,60,'934 MG');
INSERT INTO BDD1_COMPOSICION_MEDICAMENTO VALUES(1,61,'831 MG');
INSERT INTO BDD1_COMPOSICION_MEDICAMENTO VALUES(69,61,'297 MG');
INSERT INTO BDD1_COMPOSICION_MEDICAMENTO VALUES(21,62,'889 MG');
INSERT INTO BDD1_COMPOSICION_MEDICAMENTO VALUES(48,63,'717 MG');
INSERT INTO BDD1_COMPOSICION_MEDICAMENTO VALUES(51,63,'824 MG');
INSERT INTO BDD1_COMPOSICION_MEDICAMENTO VALUES(8,64,'321 MG');
INSERT INTO BDD1_COMPOSICION_MEDICAMENTO VALUES(47,64,'959 MG');
INSERT INTO BDD1_COMPOSICION_MEDICAMENTO VALUES(45,65,'723 MG');
INSERT INTO BDD1_COMPOSICION_MEDICAMENTO VALUES(78,66,'250 MG');
INSERT INTO BDD1_COMPOSICION_MEDICAMENTO VALUES(26,66,'32 MG');
INSERT INTO BDD1_COMPOSICION_MEDICAMENTO VALUES(26,67,'766 MG');
INSERT INTO BDD1_COMPOSICION_MEDICAMENTO VALUES(20,68,'410 MG');
INSERT INTO BDD1_COMPOSICION_MEDICAMENTO VALUES(11,68,'558 MG');
INSERT INTO BDD1_COMPOSICION_MEDICAMENTO VALUES(59,69,'565 MG');
INSERT INTO BDD1_COMPOSICION_MEDICAMENTO VALUES(81,69,'914 MG');
INSERT INTO BDD1_COMPOSICION_MEDICAMENTO VALUES(19,70,'646 MG');
INSERT INTO BDD1_COMPOSICION_MEDICAMENTO VALUES(61,71,'460 MG');
INSERT INTO BDD1_COMPOSICION_MEDICAMENTO VALUES(68,71,'479 MG');
INSERT INTO BDD1_COMPOSICION_MEDICAMENTO VALUES(10,72,'721 MG');
INSERT INTO BDD1_COMPOSICION_MEDICAMENTO VALUES(74,73,'27 MG');
INSERT INTO BDD1_COMPOSICION_MEDICAMENTO VALUES(79,73,'12 MG');
INSERT INTO BDD1_COMPOSICION_MEDICAMENTO VALUES(34,74,'458 MG');
INSERT INTO BDD1_COMPOSICION_MEDICAMENTO VALUES(50,74,'381 MG');
INSERT INTO BDD1_COMPOSICION_MEDICAMENTO VALUES(5,75,'665 MG');
INSERT INTO BDD1_COMPOSICION_MEDICAMENTO VALUES(48,76,'706 MG');
INSERT INTO BDD1_COMPOSICION_MEDICAMENTO VALUES(78,76,'471 MG');
INSERT INTO BDD1_COMPOSICION_MEDICAMENTO VALUES(7,77,'641 MG');
INSERT INTO BDD1_COMPOSICION_MEDICAMENTO VALUES(69,78,'500 MG');
INSERT INTO BDD1_COMPOSICION_MEDICAMENTO VALUES(16,78,'847 MG');
INSERT INTO BDD1_COMPOSICION_MEDICAMENTO VALUES(75,79,'397 MG');
INSERT INTO BDD1_COMPOSICION_MEDICAMENTO VALUES(21,80,'363 MG');
INSERT INTO BDD1_COMPOSICION_MEDICAMENTO VALUES(5,80,'637 MG');
INSERT INTO BDD1_COMPOSICION_MEDICAMENTO VALUES(68,81,'110 MG');
INSERT INTO BDD1_COMPOSICION_MEDICAMENTO VALUES(16,81,'438 MG');
INSERT INTO BDD1_COMPOSICION_MEDICAMENTO VALUES(23,82,'265 MG');
INSERT INTO BDD1_COMPOSICION_MEDICAMENTO VALUES(63,83,'748 MG');
INSERT INTO BDD1_COMPOSICION_MEDICAMENTO VALUES(27,83,'572 MG');
INSERT INTO BDD1_COMPOSICION_MEDICAMENTO VALUES(48,84,'583 MG');
INSERT INTO BDD1_COMPOSICION_MEDICAMENTO VALUES(28,85,'609 MG');
INSERT INTO BDD1_COMPOSICION_MEDICAMENTO VALUES(81,85,'874 MG');
INSERT INTO BDD1_COMPOSICION_MEDICAMENTO VALUES(73,86,'60 MG');
INSERT INTO BDD1_COMPOSICION_MEDICAMENTO VALUES(6,86,'851 MG');
INSERT INTO BDD1_COMPOSICION_MEDICAMENTO VALUES(67,87,'886 MG');
INSERT INTO BDD1_COMPOSICION_MEDICAMENTO VALUES(39,88,'192 MG');
INSERT INTO BDD1_COMPOSICION_MEDICAMENTO VALUES(3,88,'409 MG');
INSERT INTO BDD1_COMPOSICION_MEDICAMENTO VALUES(41,89,'835 MG');
INSERT INTO BDD1_COMPOSICION_MEDICAMENTO VALUES(75,90,'656 MG');
INSERT INTO BDD1_COMPOSICION_MEDICAMENTO VALUES(39,90,'437 MG');
INSERT INTO BDD1_COMPOSICION_MEDICAMENTO VALUES(78,91,'240 MG');
INSERT INTO BDD1_COMPOSICION_MEDICAMENTO VALUES(31,91,'783 MG');
INSERT INTO BDD1_COMPOSICION_MEDICAMENTO VALUES(29,92,'896 MG');
INSERT INTO BDD1_COMPOSICION_MEDICAMENTO VALUES(55,93,'292 MG');
INSERT INTO BDD1_COMPOSICION_MEDICAMENTO VALUES(19,93,'934 MG');
INSERT INTO BDD1_COMPOSICION_MEDICAMENTO VALUES(65,94,'149 MG');
INSERT INTO BDD1_COMPOSICION_MEDICAMENTO VALUES(40,95,'220 MG');
INSERT INTO BDD1_COMPOSICION_MEDICAMENTO VALUES(12,95,'123 MG');
INSERT INTO BDD1_COMPOSICION_MEDICAMENTO VALUES(1,96,'812 MG');
INSERT INTO BDD1_COMPOSICION_MEDICAMENTO VALUES(25,96,'653 MG');
INSERT INTO BDD1_COMPOSICION_MEDICAMENTO VALUES(6,97,'148 MG');
INSERT INTO BDD1_COMPOSICION_MEDICAMENTO VALUES(78,98,'367 MG');
INSERT INTO BDD1_COMPOSICION_MEDICAMENTO VALUES(79,98,'313 MG');
INSERT INTO BDD1_COMPOSICION_MEDICAMENTO VALUES(45,99,'333 MG');
INSERT INTO BDD1_COMPOSICION_MEDICAMENTO VALUES(32,100,'860 MG');
INSERT INTO BDD1_COMPOSICION_MEDICAMENTO VALUES(6,100,'619 MG');
INSERT INTO BDD1_COMPOSICION_MEDICAMENTO VALUES(34,101,'27 MG');
INSERT INTO BDD1_COMPOSICION_MEDICAMENTO VALUES(80,102,'13 MG');
INSERT INTO BDD1_COMPOSICION_MEDICAMENTO VALUES(56,102,'923 MG');
INSERT INTO BDD1_COMPOSICION_MEDICAMENTO VALUES(67,103,'77 MG');
INSERT INTO BDD1_COMPOSICION_MEDICAMENTO VALUES(73,103,'715 MG');
INSERT INTO BDD1_COMPOSICION_MEDICAMENTO VALUES(49,104,'508 MG');
INSERT INTO BDD1_COMPOSICION_MEDICAMENTO VALUES(15,105,'936 MG');
INSERT INTO BDD1_COMPOSICION_MEDICAMENTO VALUES(65,105,'87 MG');
INSERT INTO BDD1_COMPOSICION_MEDICAMENTO VALUES(69,106,'888 MG');
INSERT INTO BDD1_COMPOSICION_MEDICAMENTO VALUES(26,107,'551 MG');
INSERT INTO BDD1_COMPOSICION_MEDICAMENTO VALUES(10,107,'855 MG');
INSERT INTO BDD1_COMPOSICION_MEDICAMENTO VALUES(60,108,'796 MG');
INSERT INTO BDD1_COMPOSICION_MEDICAMENTO VALUES(44,108,'990 MG');
INSERT INTO BDD1_COMPOSICION_MEDICAMENTO VALUES(44,109,'540 MG');
INSERT INTO BDD1_COMPOSICION_MEDICAMENTO VALUES(40,110,'636 MG');
INSERT INTO BDD1_COMPOSICION_MEDICAMENTO VALUES(54,110,'393 MG');
INSERT INTO BDD1_COMPOSICION_MEDICAMENTO VALUES(81,111,'481 MG');
INSERT INTO BDD1_COMPOSICION_MEDICAMENTO VALUES(51,112,'193 MG');
INSERT INTO BDD1_COMPOSICION_MEDICAMENTO VALUES(73,112,'86 MG');
INSERT INTO BDD1_COMPOSICION_MEDICAMENTO VALUES(62,113,'143 MG');
INSERT INTO BDD1_COMPOSICION_MEDICAMENTO VALUES(77,113,'567 MG');
INSERT INTO BDD1_COMPOSICION_MEDICAMENTO VALUES(28,114,'900 MG');
INSERT INTO BDD1_COMPOSICION_MEDICAMENTO VALUES(39,115,'210 MG');
INSERT INTO BDD1_COMPOSICION_MEDICAMENTO VALUES(73,115,'390 MG');
INSERT INTO BDD1_COMPOSICION_MEDICAMENTO VALUES(3,116,'923 MG');
INSERT INTO BDD1_COMPOSICION_MEDICAMENTO VALUES(30,117,'889 MG');
INSERT INTO BDD1_COMPOSICION_MEDICAMENTO VALUES(44,117,'954 MG');
INSERT INTO BDD1_COMPOSICION_MEDICAMENTO VALUES(70,118,'886 MG');
INSERT INTO BDD1_COMPOSICION_MEDICAMENTO VALUES(65,119,'833 MG');
INSERT INTO BDD1_COMPOSICION_MEDICAMENTO VALUES(31,119,'949 MG');
INSERT INTO BDD1_COMPOSICION_MEDICAMENTO VALUES(7,120,'479 MG');
INSERT INTO BDD1_COMPOSICION_MEDICAMENTO VALUES(59,120,'266 MG');
INSERT INTO BDD1_COMPOSICION_MEDICAMENTO VALUES(72,121,'171 MG');
INSERT INTO BDD1_COMPOSICION_MEDICAMENTO VALUES(64,122,'842 MG');
INSERT INTO BDD1_COMPOSICION_MEDICAMENTO VALUES(5,122,'649 MG');
INSERT INTO BDD1_COMPOSICION_MEDICAMENTO VALUES(9,123,'995 MG');
INSERT INTO BDD1_COMPOSICION_MEDICAMENTO VALUES(48,124,'134 MG');
INSERT INTO BDD1_COMPOSICION_MEDICAMENTO VALUES(16,124,'128 MG');
INSERT INTO BDD1_COMPOSICION_MEDICAMENTO VALUES(66,125,'783 MG');
INSERT INTO BDD1_COMPOSICION_MEDICAMENTO VALUES(47,125,'148 MG');
INSERT INTO BDD1_COMPOSICION_MEDICAMENTO VALUES(64,126,'81 MG');
INSERT INTO BDD1_COMPOSICION_MEDICAMENTO VALUES(79,127,'847 MG');
INSERT INTO BDD1_COMPOSICION_MEDICAMENTO VALUES(42,127,'978 MG');
INSERT INTO BDD1_COMPOSICION_MEDICAMENTO VALUES(16,128,'434 MG');
INSERT INTO BDD1_COMPOSICION_MEDICAMENTO VALUES(74,129,'398 MG');
INSERT INTO BDD1_COMPOSICION_MEDICAMENTO VALUES(39,129,'848 MG');
INSERT INTO BDD1_COMPOSICION_MEDICAMENTO VALUES(9,130,'756 MG');
INSERT INTO BDD1_COMPOSICION_MEDICAMENTO VALUES(39,130,'879 MG');
INSERT INTO BDD1_COMPOSICION_MEDICAMENTO VALUES(40,131,'57 MG');
INSERT INTO BDD1_COMPOSICION_MEDICAMENTO VALUES(61,132,'936 MG');
INSERT INTO BDD1_COMPOSICION_MEDICAMENTO VALUES(17,132,'152 MG');
INSERT INTO BDD1_COMPOSICION_MEDICAMENTO VALUES(45,133,'623 MG');
INSERT INTO BDD1_COMPOSICION_MEDICAMENTO VALUES(7,134,'770 MG');
INSERT INTO BDD1_COMPOSICION_MEDICAMENTO VALUES(77,134,'21 MG');
INSERT INTO BDD1_COMPOSICION_MEDICAMENTO VALUES(10,135,'888 MG');
INSERT INTO BDD1_COMPOSICION_MEDICAMENTO VALUES(8,136,'646 MG');
INSERT INTO BDD1_COMPOSICION_MEDICAMENTO VALUES(5,136,'533 MG');
INSERT INTO BDD1_COMPOSICION_MEDICAMENTO VALUES(55,137,'343 MG');
INSERT INTO BDD1_COMPOSICION_MEDICAMENTO VALUES(53,137,'221 MG');
INSERT INTO BDD1_COMPOSICION_MEDICAMENTO VALUES(61,138,'577 MG');
INSERT INTO BDD1_COMPOSICION_MEDICAMENTO VALUES(48,139,'384 MG');
INSERT INTO BDD1_COMPOSICION_MEDICAMENTO VALUES(70,139,'950 MG');
INSERT INTO BDD1_COMPOSICION_MEDICAMENTO VALUES(80,140,'271 MG');
INSERT INTO BDD1_COMPOSICION_MEDICAMENTO VALUES(11,141,'201 MG');
INSERT INTO BDD1_COMPOSICION_MEDICAMENTO VALUES(75,141,'124 MG');
INSERT INTO BDD1_COMPOSICION_MEDICAMENTO VALUES(9,142,'768 MG');
INSERT INTO BDD1_COMPOSICION_MEDICAMENTO VALUES(38,142,'921 MG');
INSERT INTO BDD1_COMPOSICION_MEDICAMENTO VALUES(4,143,'884 MG');
INSERT INTO BDD1_COMPOSICION_MEDICAMENTO VALUES(33,144,'836 MG');
INSERT INTO BDD1_COMPOSICION_MEDICAMENTO VALUES(46,144,'61 MG');
INSERT INTO BDD1_COMPOSICION_MEDICAMENTO VALUES(39,145,'730 MG');
INSERT INTO BDD1_COMPOSICION_MEDICAMENTO VALUES(9,146,'126 MG');
INSERT INTO BDD1_COMPOSICION_MEDICAMENTO VALUES(29,146,'499 MG');
INSERT INTO BDD1_COMPOSICION_MEDICAMENTO VALUES(19,147,'278 MG');
INSERT INTO BDD1_COMPOSICION_MEDICAMENTO VALUES(21,147,'361 MG');
INSERT INTO BDD1_COMPOSICION_MEDICAMENTO VALUES(65,148,'778 MG');
INSERT INTO BDD1_COMPOSICION_MEDICAMENTO VALUES(50,149,'366 MG');
INSERT INTO BDD1_COMPOSICION_MEDICAMENTO VALUES(34,149,'356 MG');
INSERT INTO BDD1_COMPOSICION_MEDICAMENTO VALUES(79,150,'399 MG');
INSERT INTO BDD1_COMPOSICION_MEDICAMENTO VALUES(37,151,'434 MG');
INSERT INTO BDD1_COMPOSICION_MEDICAMENTO VALUES(73,151,'749 MG');
INSERT INTO BDD1_COMPOSICION_MEDICAMENTO VALUES(51,152,'220 MG');
INSERT INTO BDD1_COMPOSICION_MEDICAMENTO VALUES(10,153,'646 MG');
INSERT INTO BDD1_COMPOSICION_MEDICAMENTO VALUES(39,153,'152 MG');
INSERT INTO BDD1_COMPOSICION_MEDICAMENTO VALUES(51,154,'32 MG');
INSERT INTO BDD1_COMPOSICION_MEDICAMENTO VALUES(42,154,'577 MG');
INSERT INTO BDD1_COMPOSICION_MEDICAMENTO VALUES(17,155,'320 MG');
INSERT INTO BDD1_COMPOSICION_MEDICAMENTO VALUES(76,156,'459 MG');
INSERT INTO BDD1_COMPOSICION_MEDICAMENTO VALUES(49,156,'60 MG');
INSERT INTO BDD1_COMPOSICION_MEDICAMENTO VALUES(17,157,'345 MG');
INSERT INTO BDD1_COMPOSICION_MEDICAMENTO VALUES(33,158,'754 MG');
INSERT INTO BDD1_COMPOSICION_MEDICAMENTO VALUES(15,158,'572 MG');
INSERT INTO BDD1_COMPOSICION_MEDICAMENTO VALUES(71,159,'633 MG');
INSERT INTO BDD1_COMPOSICION_MEDICAMENTO VALUES(14,159,'854 MG');
INSERT INTO BDD1_COMPOSICION_MEDICAMENTO VALUES(54,160,'955 MG');
INSERT INTO BDD1_COMPOSICION_MEDICAMENTO VALUES(22,161,'265 MG');
INSERT INTO BDD1_COMPOSICION_MEDICAMENTO VALUES(3,161,'79 MG');
INSERT INTO BDD1_COMPOSICION_MEDICAMENTO VALUES(79,162,'327 MG');
INSERT INTO BDD1_COMPOSICION_MEDICAMENTO VALUES(31,163,'672 MG');
INSERT INTO BDD1_COMPOSICION_MEDICAMENTO VALUES(49,163,'385 MG');
INSERT INTO BDD1_COMPOSICION_MEDICAMENTO VALUES(49,164,'741 MG');
INSERT INTO BDD1_COMPOSICION_MEDICAMENTO VALUES(46,164,'528 MG');
INSERT INTO BDD1_COMPOSICION_MEDICAMENTO VALUES(43,165,'170 MG');
INSERT INTO BDD1_COMPOSICION_MEDICAMENTO VALUES(26,166,'399 MG');
INSERT INTO BDD1_COMPOSICION_MEDICAMENTO VALUES(31,166,'707 MG');
INSERT INTO BDD1_COMPOSICION_MEDICAMENTO VALUES(25,167,'169 MG');
INSERT INTO BDD1_COMPOSICION_MEDICAMENTO VALUES(31,168,'885 MG');
INSERT INTO BDD1_COMPOSICION_MEDICAMENTO VALUES(54,168,'788 MG');
INSERT INTO BDD1_COMPOSICION_MEDICAMENTO VALUES(49,169,'491 MG');
INSERT INTO BDD1_COMPOSICION_MEDICAMENTO VALUES(71,170,'353 MG');
INSERT INTO BDD1_COMPOSICION_MEDICAMENTO VALUES(10,170,'912 MG');
INSERT INTO BDD1_COMPOSICION_MEDICAMENTO VALUES(62,171,'648 MG');
INSERT INTO BDD1_COMPOSICION_MEDICAMENTO VALUES(17,171,'227 MG');
INSERT INTO BDD1_COMPOSICION_MEDICAMENTO VALUES(20,172,'402 MG');
INSERT INTO BDD1_COMPOSICION_MEDICAMENTO VALUES(72,173,'917 MG');
INSERT INTO BDD1_COMPOSICION_MEDICAMENTO VALUES(31,173,'791 MG');
INSERT INTO BDD1_COMPOSICION_MEDICAMENTO VALUES(39,174,'725 MG');
INSERT INTO BDD1_COMPOSICION_MEDICAMENTO VALUES(5,175,'928 MG');
INSERT INTO BDD1_COMPOSICION_MEDICAMENTO VALUES(61,175,'36 MG');
INSERT INTO BDD1_COMPOSICION_MEDICAMENTO VALUES(24,176,'438 MG');
INSERT INTO BDD1_COMPOSICION_MEDICAMENTO VALUES(71,176,'846 MG');
INSERT INTO BDD1_COMPOSICION_MEDICAMENTO VALUES(78,177,'990 MG');
INSERT INTO BDD1_COMPOSICION_MEDICAMENTO VALUES(57,178,'241 MG');
INSERT INTO BDD1_COMPOSICION_MEDICAMENTO VALUES(59,178,'712 MG');
INSERT INTO BDD1_COMPOSICION_MEDICAMENTO VALUES(78,179,'818 MG');
INSERT INTO BDD1_COMPOSICION_MEDICAMENTO VALUES(65,180,'114 MG');
INSERT INTO BDD1_COMPOSICION_MEDICAMENTO VALUES(19,180,'906 MG');
INSERT INTO BDD1_COMPOSICION_MEDICAMENTO VALUES(21,181,'225 MG');
INSERT INTO BDD1_COMPOSICION_MEDICAMENTO VALUES(69,181,'856 MG');
INSERT INTO BDD1_COMPOSICION_MEDICAMENTO VALUES(79,182,'907 MG');
INSERT INTO BDD1_COMPOSICION_MEDICAMENTO VALUES(77,183,'949 MG');
INSERT INTO BDD1_COMPOSICION_MEDICAMENTO VALUES(73,183,'675 MG');
INSERT INTO BDD1_COMPOSICION_MEDICAMENTO VALUES(24,184,'942 MG');
INSERT INTO BDD1_COMPOSICION_MEDICAMENTO VALUES(3,185,'501 MG');
INSERT INTO BDD1_COMPOSICION_MEDICAMENTO VALUES(31,185,'92 MG');
INSERT INTO BDD1_COMPOSICION_MEDICAMENTO VALUES(69,186,'244 MG');
INSERT INTO BDD1_COMPOSICION_MEDICAMENTO VALUES(31,186,'129 MG');
INSERT INTO BDD1_COMPOSICION_MEDICAMENTO VALUES(41,187,'322 MG');
INSERT INTO BDD1_COMPOSICION_MEDICAMENTO VALUES(71,188,'50 MG');
INSERT INTO BDD1_COMPOSICION_MEDICAMENTO VALUES(11,188,'179 MG');
INSERT INTO BDD1_COMPOSICION_MEDICAMENTO VALUES(77,189,'646 MG');
INSERT INTO BDD1_COMPOSICION_MEDICAMENTO VALUES(81,190,'574 MG');
INSERT INTO BDD1_COMPOSICION_MEDICAMENTO VALUES(22,190,'927 MG');
INSERT INTO BDD1_COMPOSICION_MEDICAMENTO VALUES(9,191,'61 MG');
INSERT INTO BDD1_COMPOSICION_MEDICAMENTO VALUES(21,192,'533 MG');
INSERT INTO BDD1_COMPOSICION_MEDICAMENTO VALUES(66,192,'774 MG');
INSERT INTO BDD1_COMPOSICION_MEDICAMENTO VALUES(40,193,'294 MG');
INSERT INTO BDD1_COMPOSICION_MEDICAMENTO VALUES(28,193,'267 MG');
INSERT INTO BDD1_COMPOSICION_MEDICAMENTO VALUES(42,194,'336 MG');
INSERT INTO BDD1_COMPOSICION_MEDICAMENTO VALUES(49,195,'583 MG');
INSERT INTO BDD1_COMPOSICION_MEDICAMENTO VALUES(33,195,'916 MG');
INSERT INTO BDD1_COMPOSICION_MEDICAMENTO VALUES(37,196,'565 MG');
INSERT INTO BDD1_COMPOSICION_MEDICAMENTO VALUES(4,197,'867 MG');
INSERT INTO BDD1_COMPOSICION_MEDICAMENTO VALUES(51,197,'545 MG');
INSERT INTO BDD1_COMPOSICION_MEDICAMENTO VALUES(11,198,'290 MG');
INSERT INTO BDD1_COMPOSICION_MEDICAMENTO VALUES(3,198,'402 MG');
INSERT INTO BDD1_COMPOSICION_MEDICAMENTO VALUES(78,199,'21 MG');
INSERT INTO BDD1_COMPOSICION_MEDICAMENTO VALUES(68,200,'600 MG');
INSERT INTO BDD1_COMPOSICION_MEDICAMENTO VALUES(70,200,'245 MG');
INSERT INTO BDD1_COMPOSICION_MEDICAMENTO VALUES(54,201,'911 MG');

-- BDD1_ACCION_TERAP_MEDICAMENTO

INSERT INTO BDD1_ACCION_TERAP_MEDICAMENTO VALUES (1,10,'PREVIENE');
INSERT INTO BDD1_ACCION_TERAP_MEDICAMENTO VALUES (1,1,'TRATA');
INSERT INTO BDD1_ACCION_TERAP_MEDICAMENTO VALUES (1,8,'CONTROLA');
INSERT INTO BDD1_ACCION_TERAP_MEDICAMENTO VALUES (2,1,'AYUDA');
INSERT INTO BDD1_ACCION_TERAP_MEDICAMENTO VALUES (2,2,'MEJORA');
INSERT INTO BDD1_ACCION_TERAP_MEDICAMENTO VALUES (3,2,'BRINDA');
INSERT INTO BDD1_ACCION_TERAP_MEDICAMENTO VALUES (4,4,'NO APLICA');
INSERT INTO BDD1_ACCION_TERAP_MEDICAMENTO VALUES (5,5,'PREVIENE');
INSERT INTO BDD1_ACCION_TERAP_MEDICAMENTO VALUES (5,3,'TRATA');
INSERT INTO BDD1_ACCION_TERAP_MEDICAMENTO VALUES (6,6,'CONTROLA');
INSERT INTO BDD1_ACCION_TERAP_MEDICAMENTO VALUES (7,10,'AYUDA');
INSERT INTO BDD1_ACCION_TERAP_MEDICAMENTO VALUES (7,8,'MEJORA');
INSERT INTO BDD1_ACCION_TERAP_MEDICAMENTO VALUES (8,3,'BRINDA');
INSERT INTO BDD1_ACCION_TERAP_MEDICAMENTO VALUES (8,5,'NO APLICA');
INSERT INTO BDD1_ACCION_TERAP_MEDICAMENTO VALUES (9,2,'PREVIENE');
INSERT INTO BDD1_ACCION_TERAP_MEDICAMENTO VALUES (10,5,'TRATA');
INSERT INTO BDD1_ACCION_TERAP_MEDICAMENTO VALUES (10,8,'CONTROLA');
INSERT INTO BDD1_ACCION_TERAP_MEDICAMENTO VALUES (11,9,'AYUDA');
INSERT INTO BDD1_ACCION_TERAP_MEDICAMENTO VALUES (12,2,'MEJORA');
INSERT INTO BDD1_ACCION_TERAP_MEDICAMENTO VALUES (12,5,'BRINDA');
INSERT INTO BDD1_ACCION_TERAP_MEDICAMENTO VALUES (13,9,'NO APLICA');
INSERT INTO BDD1_ACCION_TERAP_MEDICAMENTO VALUES (13,10,'PREVIENE');
INSERT INTO BDD1_ACCION_TERAP_MEDICAMENTO VALUES (14,1,'TRATA');
INSERT INTO BDD1_ACCION_TERAP_MEDICAMENTO VALUES (15,2,'CONTROLA');
INSERT INTO BDD1_ACCION_TERAP_MEDICAMENTO VALUES (15,1,'AYUDA');
INSERT INTO BDD1_ACCION_TERAP_MEDICAMENTO VALUES (16,3,'MEJORA');
INSERT INTO BDD1_ACCION_TERAP_MEDICAMENTO VALUES (17,4,'BRINDA');
INSERT INTO BDD1_ACCION_TERAP_MEDICAMENTO VALUES (17,5,'NO APLICA');
INSERT INTO BDD1_ACCION_TERAP_MEDICAMENTO VALUES (8,6,'PREVIENE');
INSERT INTO BDD1_ACCION_TERAP_MEDICAMENTO VALUES (8,4,'TRATA');
INSERT INTO BDD1_ACCION_TERAP_MEDICAMENTO VALUES (9,10,'CONTROLA');
INSERT INTO BDD1_ACCION_TERAP_MEDICAMENTO VALUES (10,2,'AYUDA');
INSERT INTO BDD1_ACCION_TERAP_MEDICAMENTO VALUES (10,1,'MEJORA');
INSERT INTO BDD1_ACCION_TERAP_MEDICAMENTO VALUES (11,1,'BRINDA');
INSERT INTO BDD1_ACCION_TERAP_MEDICAMENTO VALUES (12,6,'NO APLICA');
INSERT INTO BDD1_ACCION_TERAP_MEDICAMENTO VALUES (12,10,'PREVIENE');
INSERT INTO BDD1_ACCION_TERAP_MEDICAMENTO VALUES (13,6,'TRATA');
INSERT INTO BDD1_ACCION_TERAP_MEDICAMENTO VALUES (13,1,'CONTROLA');
INSERT INTO BDD1_ACCION_TERAP_MEDICAMENTO VALUES (14,7,'AYUDA');
INSERT INTO BDD1_ACCION_TERAP_MEDICAMENTO VALUES (15,3,'MEJORA');
INSERT INTO BDD1_ACCION_TERAP_MEDICAMENTO VALUES (18,8,'BRINDA');
INSERT INTO BDD1_ACCION_TERAP_MEDICAMENTO VALUES (18,3,'NO APLICA');
INSERT INTO BDD1_ACCION_TERAP_MEDICAMENTO VALUES (19,3,'PREVIENE');
INSERT INTO BDD1_ACCION_TERAP_MEDICAMENTO VALUES (20,5,'TRATA');
INSERT INTO BDD1_ACCION_TERAP_MEDICAMENTO VALUES (20,6,'CONTROLA');
INSERT INTO BDD1_ACCION_TERAP_MEDICAMENTO VALUES (21,1,'AYUDA');
INSERT INTO BDD1_ACCION_TERAP_MEDICAMENTO VALUES (22,6,'MEJORA');
INSERT INTO BDD1_ACCION_TERAP_MEDICAMENTO VALUES (22,5,'BRINDA');
INSERT INTO BDD1_ACCION_TERAP_MEDICAMENTO VALUES (23,3,'NO APLICA');
INSERT INTO BDD1_ACCION_TERAP_MEDICAMENTO VALUES (24,9,'PREVIENE');
INSERT INTO BDD1_ACCION_TERAP_MEDICAMENTO VALUES (24,2,'TRATA');
INSERT INTO BDD1_ACCION_TERAP_MEDICAMENTO VALUES (25,10,'CONTROLA');
INSERT INTO BDD1_ACCION_TERAP_MEDICAMENTO VALUES (25,9,'AYUDA');
INSERT INTO BDD1_ACCION_TERAP_MEDICAMENTO VALUES (26,7,'MEJORA');
INSERT INTO BDD1_ACCION_TERAP_MEDICAMENTO VALUES (27,1,'BRINDA');
INSERT INTO BDD1_ACCION_TERAP_MEDICAMENTO VALUES (27,9,'NO APLICA');
INSERT INTO BDD1_ACCION_TERAP_MEDICAMENTO VALUES (15,5,'PREVIENE');
INSERT INTO BDD1_ACCION_TERAP_MEDICAMENTO VALUES (16,2,'TRATA');
INSERT INTO BDD1_ACCION_TERAP_MEDICAMENTO VALUES (17,10,'CONTROLA');
INSERT INTO BDD1_ACCION_TERAP_MEDICAMENTO VALUES (17,3,'AYUDA');
INSERT INTO BDD1_ACCION_TERAP_MEDICAMENTO VALUES (18,2,'MEJORA');
INSERT INTO BDD1_ACCION_TERAP_MEDICAMENTO VALUES (18,5,'BRINDA');
INSERT INTO BDD1_ACCION_TERAP_MEDICAMENTO VALUES (19,6,'NO APLICA');
INSERT INTO BDD1_ACCION_TERAP_MEDICAMENTO VALUES (20,8,'PREVIENE');
INSERT INTO BDD1_ACCION_TERAP_MEDICAMENTO VALUES (20,2,'TRATA');
INSERT INTO BDD1_ACCION_TERAP_MEDICAMENTO VALUES (21,3,'CONTROLA');
INSERT INTO BDD1_ACCION_TERAP_MEDICAMENTO VALUES (22,10,'AYUDA');
INSERT INTO BDD1_ACCION_TERAP_MEDICAMENTO VALUES (22,8,'MEJORA');
INSERT INTO BDD1_ACCION_TERAP_MEDICAMENTO VALUES (28,1,'BRINDA');
INSERT INTO BDD1_ACCION_TERAP_MEDICAMENTO VALUES (29,4,'NO APLICA');
INSERT INTO BDD1_ACCION_TERAP_MEDICAMENTO VALUES (29,2,'PREVIENE');
INSERT INTO BDD1_ACCION_TERAP_MEDICAMENTO VALUES (30,4,'TRATA');
INSERT INTO BDD1_ACCION_TERAP_MEDICAMENTO VALUES (30,2,'CONTROLA');
INSERT INTO BDD1_ACCION_TERAP_MEDICAMENTO VALUES (31,7,'AYUDA');
INSERT INTO BDD1_ACCION_TERAP_MEDICAMENTO VALUES (32,9,'MEJORA');
INSERT INTO BDD1_ACCION_TERAP_MEDICAMENTO VALUES (32,4,'BRINDA');
INSERT INTO BDD1_ACCION_TERAP_MEDICAMENTO VALUES (33,6,'NO APLICA');
INSERT INTO BDD1_ACCION_TERAP_MEDICAMENTO VALUES (49,5,'PREVIENE');
INSERT INTO BDD1_ACCION_TERAP_MEDICAMENTO VALUES (49,9,'TRATA');
INSERT INTO BDD1_ACCION_TERAP_MEDICAMENTO VALUES (50,4,'CONTROLA');
INSERT INTO BDD1_ACCION_TERAP_MEDICAMENTO VALUES (51,1,'AYUDA');
INSERT INTO BDD1_ACCION_TERAP_MEDICAMENTO VALUES (51,6,'MEJORA');
INSERT INTO BDD1_ACCION_TERAP_MEDICAMENTO VALUES (52,5,'BRINDA');
INSERT INTO BDD1_ACCION_TERAP_MEDICAMENTO VALUES (52,8,'NO APLICA');
INSERT INTO BDD1_ACCION_TERAP_MEDICAMENTO VALUES (53,4,'PREVIENE');
INSERT INTO BDD1_ACCION_TERAP_MEDICAMENTO VALUES (54,9,'TRATA');
INSERT INTO BDD1_ACCION_TERAP_MEDICAMENTO VALUES (54,2,'CONTROLA');
INSERT INTO BDD1_ACCION_TERAP_MEDICAMENTO VALUES (55,1,'AYUDA');
INSERT INTO BDD1_ACCION_TERAP_MEDICAMENTO VALUES (56,10,'MEJORA');
INSERT INTO BDD1_ACCION_TERAP_MEDICAMENTO VALUES (56,8,'BRINDA');
INSERT INTO BDD1_ACCION_TERAP_MEDICAMENTO VALUES (57,4,'NO APLICA');
INSERT INTO BDD1_ACCION_TERAP_MEDICAMENTO VALUES (57,6,'PREVIENE');
INSERT INTO BDD1_ACCION_TERAP_MEDICAMENTO VALUES (58,8,'TRATA');
INSERT INTO BDD1_ACCION_TERAP_MEDICAMENTO VALUES (59,7,'CONTROLA');
INSERT INTO BDD1_ACCION_TERAP_MEDICAMENTO VALUES (59,8,'AYUDA');
INSERT INTO BDD1_ACCION_TERAP_MEDICAMENTO VALUES (60,2,'MEJORA');
INSERT INTO BDD1_ACCION_TERAP_MEDICAMENTO VALUES (61,8,'BRINDA');
INSERT INTO BDD1_ACCION_TERAP_MEDICAMENTO VALUES (61,4,'NO APLICA');
INSERT INTO BDD1_ACCION_TERAP_MEDICAMENTO VALUES (62,7,'PREVIENE');
INSERT INTO BDD1_ACCION_TERAP_MEDICAMENTO VALUES (63,4,'TRATA');
INSERT INTO BDD1_ACCION_TERAP_MEDICAMENTO VALUES (63,8,'CONTROLA');
INSERT INTO BDD1_ACCION_TERAP_MEDICAMENTO VALUES (64,8,'AYUDA');
INSERT INTO BDD1_ACCION_TERAP_MEDICAMENTO VALUES (64,3,'MEJORA');
INSERT INTO BDD1_ACCION_TERAP_MEDICAMENTO VALUES (65,1,'BRINDA');
INSERT INTO BDD1_ACCION_TERAP_MEDICAMENTO VALUES (66,5,'NO APLICA');
INSERT INTO BDD1_ACCION_TERAP_MEDICAMENTO VALUES (66,9,'PREVIENE');
INSERT INTO BDD1_ACCION_TERAP_MEDICAMENTO VALUES (67,5,'TRATA');
INSERT INTO BDD1_ACCION_TERAP_MEDICAMENTO VALUES (68,2,'CONTROLA');
INSERT INTO BDD1_ACCION_TERAP_MEDICAMENTO VALUES (68,6,'AYUDA');
INSERT INTO BDD1_ACCION_TERAP_MEDICAMENTO VALUES (69,6,'MEJORA');
INSERT INTO BDD1_ACCION_TERAP_MEDICAMENTO VALUES (69,4,'BRINDA');
INSERT INTO BDD1_ACCION_TERAP_MEDICAMENTO VALUES (70,9,'NO APLICA');
INSERT INTO BDD1_ACCION_TERAP_MEDICAMENTO VALUES (71,1,'PREVIENE');
INSERT INTO BDD1_ACCION_TERAP_MEDICAMENTO VALUES (71,2,'TRATA');
INSERT INTO BDD1_ACCION_TERAP_MEDICAMENTO VALUES (72,8,'CONTROLA');
INSERT INTO BDD1_ACCION_TERAP_MEDICAMENTO VALUES (73,4,'AYUDA');
INSERT INTO BDD1_ACCION_TERAP_MEDICAMENTO VALUES (73,1,'MEJORA');
INSERT INTO BDD1_ACCION_TERAP_MEDICAMENTO VALUES (74,6,'BRINDA');
INSERT INTO BDD1_ACCION_TERAP_MEDICAMENTO VALUES (74,4,'NO APLICA');
INSERT INTO BDD1_ACCION_TERAP_MEDICAMENTO VALUES (75,10,'PREVIENE');
INSERT INTO BDD1_ACCION_TERAP_MEDICAMENTO VALUES (76,4,'TRATA');
INSERT INTO BDD1_ACCION_TERAP_MEDICAMENTO VALUES (76,3,'CONTROLA');
INSERT INTO BDD1_ACCION_TERAP_MEDICAMENTO VALUES (77,7,'AYUDA');
INSERT INTO BDD1_ACCION_TERAP_MEDICAMENTO VALUES (78,8,'MEJORA');
INSERT INTO BDD1_ACCION_TERAP_MEDICAMENTO VALUES (78,6,'BRINDA');
INSERT INTO BDD1_ACCION_TERAP_MEDICAMENTO VALUES (79,8,'NO APLICA');
INSERT INTO BDD1_ACCION_TERAP_MEDICAMENTO VALUES (80,6,'PREVIENE');
INSERT INTO BDD1_ACCION_TERAP_MEDICAMENTO VALUES (80,7,'TRATA');
INSERT INTO BDD1_ACCION_TERAP_MEDICAMENTO VALUES (81,10,'CONTROLA');
INSERT INTO BDD1_ACCION_TERAP_MEDICAMENTO VALUES (81,7,'AYUDA');
INSERT INTO BDD1_ACCION_TERAP_MEDICAMENTO VALUES (82,10,'MEJORA');
INSERT INTO BDD1_ACCION_TERAP_MEDICAMENTO VALUES (83,7,'BRINDA');
INSERT INTO BDD1_ACCION_TERAP_MEDICAMENTO VALUES (83,5,'NO APLICA');
INSERT INTO BDD1_ACCION_TERAP_MEDICAMENTO VALUES (84,9,'PREVIENE');
INSERT INTO BDD1_ACCION_TERAP_MEDICAMENTO VALUES (85,3,'TRATA');
INSERT INTO BDD1_ACCION_TERAP_MEDICAMENTO VALUES (85,7,'CONTROLA');
INSERT INTO BDD1_ACCION_TERAP_MEDICAMENTO VALUES (86,3,'AYUDA');
INSERT INTO BDD1_ACCION_TERAP_MEDICAMENTO VALUES (86,1,'MEJORA');
INSERT INTO BDD1_ACCION_TERAP_MEDICAMENTO VALUES (87,5,'BRINDA');
INSERT INTO BDD1_ACCION_TERAP_MEDICAMENTO VALUES (88,8,'NO APLICA');
INSERT INTO BDD1_ACCION_TERAP_MEDICAMENTO VALUES (88,10,'PREVIENE');
INSERT INTO BDD1_ACCION_TERAP_MEDICAMENTO VALUES (89,7,'TRATA');
INSERT INTO BDD1_ACCION_TERAP_MEDICAMENTO VALUES (90,7,'CONTROLA');
INSERT INTO BDD1_ACCION_TERAP_MEDICAMENTO VALUES (90,9,'AYUDA');
INSERT INTO BDD1_ACCION_TERAP_MEDICAMENTO VALUES (91,6,'MEJORA');
INSERT INTO BDD1_ACCION_TERAP_MEDICAMENTO VALUES (91,4,'BRINDA');
INSERT INTO BDD1_ACCION_TERAP_MEDICAMENTO VALUES (92,9,'NO APLICA');
INSERT INTO BDD1_ACCION_TERAP_MEDICAMENTO VALUES (93,2,'PREVIENE');
INSERT INTO BDD1_ACCION_TERAP_MEDICAMENTO VALUES (93,3,'TRATA');
INSERT INTO BDD1_ACCION_TERAP_MEDICAMENTO VALUES (94,7,'CONTROLA');
INSERT INTO BDD1_ACCION_TERAP_MEDICAMENTO VALUES (95,9,'AYUDA');
INSERT INTO BDD1_ACCION_TERAP_MEDICAMENTO VALUES (95,5,'MEJORA');
INSERT INTO BDD1_ACCION_TERAP_MEDICAMENTO VALUES (96,10,'BRINDA');
INSERT INTO BDD1_ACCION_TERAP_MEDICAMENTO VALUES (96,2,'NO APLICA');
INSERT INTO BDD1_ACCION_TERAP_MEDICAMENTO VALUES (97,2,'PREVIENE');
INSERT INTO BDD1_ACCION_TERAP_MEDICAMENTO VALUES (98,6,'TRATA');
INSERT INTO BDD1_ACCION_TERAP_MEDICAMENTO VALUES (98,3,'CONTROLA');
INSERT INTO BDD1_ACCION_TERAP_MEDICAMENTO VALUES (99,8,'AYUDA');
INSERT INTO BDD1_ACCION_TERAP_MEDICAMENTO VALUES (100,5,'MEJORA');
INSERT INTO BDD1_ACCION_TERAP_MEDICAMENTO VALUES (100,8,'BRINDA');
INSERT INTO BDD1_ACCION_TERAP_MEDICAMENTO VALUES (101,6,'NO APLICA');
INSERT INTO BDD1_ACCION_TERAP_MEDICAMENTO VALUES (102,10,'PREVIENE');
INSERT INTO BDD1_ACCION_TERAP_MEDICAMENTO VALUES (102,2,'TRATA');
INSERT INTO BDD1_ACCION_TERAP_MEDICAMENTO VALUES (103,9,'CONTROLA');
INSERT INTO BDD1_ACCION_TERAP_MEDICAMENTO VALUES (103,1,'AYUDA');
INSERT INTO BDD1_ACCION_TERAP_MEDICAMENTO VALUES (104,8,'MEJORA');
INSERT INTO BDD1_ACCION_TERAP_MEDICAMENTO VALUES (105,6,'BRINDA');
INSERT INTO BDD1_ACCION_TERAP_MEDICAMENTO VALUES (105,4,'NO APLICA');
INSERT INTO BDD1_ACCION_TERAP_MEDICAMENTO VALUES (106,9,'PREVIENE');
INSERT INTO BDD1_ACCION_TERAP_MEDICAMENTO VALUES (107,5,'TRATA');
INSERT INTO BDD1_ACCION_TERAP_MEDICAMENTO VALUES (107,1,'CONTROLA');
INSERT INTO BDD1_ACCION_TERAP_MEDICAMENTO VALUES (108,6,'AYUDA');
INSERT INTO BDD1_ACCION_TERAP_MEDICAMENTO VALUES (108,4,'MEJORA');
INSERT INTO BDD1_ACCION_TERAP_MEDICAMENTO VALUES (109,3,'BRINDA');
INSERT INTO BDD1_ACCION_TERAP_MEDICAMENTO VALUES (110,7,'NO APLICA');
INSERT INTO BDD1_ACCION_TERAP_MEDICAMENTO VALUES (110,8,'PREVIENE');
INSERT INTO BDD1_ACCION_TERAP_MEDICAMENTO VALUES (111,2,'TRATA');
INSERT INTO BDD1_ACCION_TERAP_MEDICAMENTO VALUES (112,10,'CONTROLA');
INSERT INTO BDD1_ACCION_TERAP_MEDICAMENTO VALUES (112,9,'AYUDA');
INSERT INTO BDD1_ACCION_TERAP_MEDICAMENTO VALUES (113,3,'MEJORA');
INSERT INTO BDD1_ACCION_TERAP_MEDICAMENTO VALUES (113,10,'BRINDA');
INSERT INTO BDD1_ACCION_TERAP_MEDICAMENTO VALUES (114,6,'NO APLICA');
INSERT INTO BDD1_ACCION_TERAP_MEDICAMENTO VALUES (115,5,'PREVIENE');
INSERT INTO BDD1_ACCION_TERAP_MEDICAMENTO VALUES (115,9,'TRATA');
INSERT INTO BDD1_ACCION_TERAP_MEDICAMENTO VALUES (116,3,'CONTROLA');
INSERT INTO BDD1_ACCION_TERAP_MEDICAMENTO VALUES (117,7,'AYUDA');
INSERT INTO BDD1_ACCION_TERAP_MEDICAMENTO VALUES (117,6,'MEJORA');
INSERT INTO BDD1_ACCION_TERAP_MEDICAMENTO VALUES (118,7,'BRINDA');
INSERT INTO BDD1_ACCION_TERAP_MEDICAMENTO VALUES (119,6,'NO APLICA');
INSERT INTO BDD1_ACCION_TERAP_MEDICAMENTO VALUES (119,10,'PREVIENE');
INSERT INTO BDD1_ACCION_TERAP_MEDICAMENTO VALUES (120,10,'TRATA');
INSERT INTO BDD1_ACCION_TERAP_MEDICAMENTO VALUES (120,8,'CONTROLA');
INSERT INTO BDD1_ACCION_TERAP_MEDICAMENTO VALUES (121,9,'AYUDA');
INSERT INTO BDD1_ACCION_TERAP_MEDICAMENTO VALUES (122,10,'MEJORA');
INSERT INTO BDD1_ACCION_TERAP_MEDICAMENTO VALUES (122,3,'BRINDA');
INSERT INTO BDD1_ACCION_TERAP_MEDICAMENTO VALUES (123,5,'NO APLICA');
INSERT INTO BDD1_ACCION_TERAP_MEDICAMENTO VALUES (124,4,'PREVIENE');
INSERT INTO BDD1_ACCION_TERAP_MEDICAMENTO VALUES (124,9,'TRATA');
INSERT INTO BDD1_ACCION_TERAP_MEDICAMENTO VALUES (125,7,'CONTROLA');
INSERT INTO BDD1_ACCION_TERAP_MEDICAMENTO VALUES (125,9,'AYUDA');
INSERT INTO BDD1_ACCION_TERAP_MEDICAMENTO VALUES (126,6,'MEJORA');
INSERT INTO BDD1_ACCION_TERAP_MEDICAMENTO VALUES (127,5,'BRINDA');
INSERT INTO BDD1_ACCION_TERAP_MEDICAMENTO VALUES (127,1,'NO APLICA');
INSERT INTO BDD1_ACCION_TERAP_MEDICAMENTO VALUES (128,10,'PREVIENE');
INSERT INTO BDD1_ACCION_TERAP_MEDICAMENTO VALUES (129,9,'TRATA');
INSERT INTO BDD1_ACCION_TERAP_MEDICAMENTO VALUES (129,6,'CONTROLA');
INSERT INTO BDD1_ACCION_TERAP_MEDICAMENTO VALUES (130,1,'AYUDA');
INSERT INTO BDD1_ACCION_TERAP_MEDICAMENTO VALUES (130,10,'MEJORA');
INSERT INTO BDD1_ACCION_TERAP_MEDICAMENTO VALUES (131,6,'BRINDA');
INSERT INTO BDD1_ACCION_TERAP_MEDICAMENTO VALUES (132,9,'NO APLICA');
INSERT INTO BDD1_ACCION_TERAP_MEDICAMENTO VALUES (132,7,'PREVIENE');
INSERT INTO BDD1_ACCION_TERAP_MEDICAMENTO VALUES (133,9,'TRATA');
INSERT INTO BDD1_ACCION_TERAP_MEDICAMENTO VALUES (134,7,'CONTROLA');
INSERT INTO BDD1_ACCION_TERAP_MEDICAMENTO VALUES (134,6,'AYUDA');
INSERT INTO BDD1_ACCION_TERAP_MEDICAMENTO VALUES (135,1,'MEJORA');
INSERT INTO BDD1_ACCION_TERAP_MEDICAMENTO VALUES (136,8,'BRINDA');
INSERT INTO BDD1_ACCION_TERAP_MEDICAMENTO VALUES (136,5,'NO APLICA');
INSERT INTO BDD1_ACCION_TERAP_MEDICAMENTO VALUES (137,7,'PREVIENE');
INSERT INTO BDD1_ACCION_TERAP_MEDICAMENTO VALUES (137,5,'TRATA');
INSERT INTO BDD1_ACCION_TERAP_MEDICAMENTO VALUES (138,8,'CONTROLA');
INSERT INTO BDD1_ACCION_TERAP_MEDICAMENTO VALUES (139,5,'AYUDA');
INSERT INTO BDD1_ACCION_TERAP_MEDICAMENTO VALUES (139,10,'MEJORA');
INSERT INTO BDD1_ACCION_TERAP_MEDICAMENTO VALUES (140,3,'BRINDA');
INSERT INTO BDD1_ACCION_TERAP_MEDICAMENTO VALUES (141,1,'NO APLICA');
INSERT INTO BDD1_ACCION_TERAP_MEDICAMENTO VALUES (141,6,'PREVIENE');
INSERT INTO BDD1_ACCION_TERAP_MEDICAMENTO VALUES (142,7,'TRATA');
INSERT INTO BDD1_ACCION_TERAP_MEDICAMENTO VALUES (142,10,'CONTROLA');
INSERT INTO BDD1_ACCION_TERAP_MEDICAMENTO VALUES (143,4,'AYUDA');
INSERT INTO BDD1_ACCION_TERAP_MEDICAMENTO VALUES (144,3,'MEJORA');
INSERT INTO BDD1_ACCION_TERAP_MEDICAMENTO VALUES (144,6,'BRINDA');
INSERT INTO BDD1_ACCION_TERAP_MEDICAMENTO VALUES (145,1,'NO APLICA');
INSERT INTO BDD1_ACCION_TERAP_MEDICAMENTO VALUES (146,5,'PREVIENE');
INSERT INTO BDD1_ACCION_TERAP_MEDICAMENTO VALUES (146,10,'TRATA');
INSERT INTO BDD1_ACCION_TERAP_MEDICAMENTO VALUES (147,4,'CONTROLA');
INSERT INTO BDD1_ACCION_TERAP_MEDICAMENTO VALUES (147,5,'AYUDA');
INSERT INTO BDD1_ACCION_TERAP_MEDICAMENTO VALUES (148,10,'MEJORA');
INSERT INTO BDD1_ACCION_TERAP_MEDICAMENTO VALUES (149,8,'BRINDA');
INSERT INTO BDD1_ACCION_TERAP_MEDICAMENTO VALUES (149,2,'NO APLICA');
INSERT INTO BDD1_ACCION_TERAP_MEDICAMENTO VALUES (150,6,'PREVIENE');
INSERT INTO BDD1_ACCION_TERAP_MEDICAMENTO VALUES (151,4,'TRATA');
INSERT INTO BDD1_ACCION_TERAP_MEDICAMENTO VALUES (151,8,'CONTROLA');
INSERT INTO BDD1_ACCION_TERAP_MEDICAMENTO VALUES (152,5,'AYUDA');
INSERT INTO BDD1_ACCION_TERAP_MEDICAMENTO VALUES (153,6,'MEJORA');
INSERT INTO BDD1_ACCION_TERAP_MEDICAMENTO VALUES (153,7,'BRINDA');
INSERT INTO BDD1_ACCION_TERAP_MEDICAMENTO VALUES (154,4,'NO APLICA');
INSERT INTO BDD1_ACCION_TERAP_MEDICAMENTO VALUES (154,8,'PREVIENE');
INSERT INTO BDD1_ACCION_TERAP_MEDICAMENTO VALUES (155,5,'TRATA');
INSERT INTO BDD1_ACCION_TERAP_MEDICAMENTO VALUES (156,4,'CONTROLA');
INSERT INTO BDD1_ACCION_TERAP_MEDICAMENTO VALUES (156,1,'AYUDA');
INSERT INTO BDD1_ACCION_TERAP_MEDICAMENTO VALUES (157,2,'MEJORA');
INSERT INTO BDD1_ACCION_TERAP_MEDICAMENTO VALUES (158,2,'BRINDA');
INSERT INTO BDD1_ACCION_TERAP_MEDICAMENTO VALUES (158,6,'NO APLICA');
INSERT INTO BDD1_ACCION_TERAP_MEDICAMENTO VALUES (159,2,'PREVIENE');
INSERT INTO BDD1_ACCION_TERAP_MEDICAMENTO VALUES (159,5,'TRATA');
INSERT INTO BDD1_ACCION_TERAP_MEDICAMENTO VALUES (160,4,'CONTROLA');
INSERT INTO BDD1_ACCION_TERAP_MEDICAMENTO VALUES (161,8,'AYUDA');
INSERT INTO BDD1_ACCION_TERAP_MEDICAMENTO VALUES (161,6,'MEJORA');
INSERT INTO BDD1_ACCION_TERAP_MEDICAMENTO VALUES (162,6,'BRINDA');
INSERT INTO BDD1_ACCION_TERAP_MEDICAMENTO VALUES (163,5,'NO APLICA');
INSERT INTO BDD1_ACCION_TERAP_MEDICAMENTO VALUES (163,10,'PREVIENE');
INSERT INTO BDD1_ACCION_TERAP_MEDICAMENTO VALUES (164,9,'TRATA');
INSERT INTO BDD1_ACCION_TERAP_MEDICAMENTO VALUES (164,6,'CONTROLA');
INSERT INTO BDD1_ACCION_TERAP_MEDICAMENTO VALUES (165,7,'AYUDA');
INSERT INTO BDD1_ACCION_TERAP_MEDICAMENTO VALUES (166,8,'MEJORA');
INSERT INTO BDD1_ACCION_TERAP_MEDICAMENTO VALUES (166,3,'BRINDA');
INSERT INTO BDD1_ACCION_TERAP_MEDICAMENTO VALUES (167,8,'NO APLICA');
INSERT INTO BDD1_ACCION_TERAP_MEDICAMENTO VALUES (168,9,'PREVIENE');
INSERT INTO BDD1_ACCION_TERAP_MEDICAMENTO VALUES (168,6,'TRATA');
INSERT INTO BDD1_ACCION_TERAP_MEDICAMENTO VALUES (169,3,'CONTROLA');
INSERT INTO BDD1_ACCION_TERAP_MEDICAMENTO VALUES (170,1,'AYUDA');
INSERT INTO BDD1_ACCION_TERAP_MEDICAMENTO VALUES (170,7,'MEJORA');
INSERT INTO BDD1_ACCION_TERAP_MEDICAMENTO VALUES (171,10,'BRINDA');
INSERT INTO BDD1_ACCION_TERAP_MEDICAMENTO VALUES (171,7,'NO APLICA');
INSERT INTO BDD1_ACCION_TERAP_MEDICAMENTO VALUES (172,6,'PREVIENE');
INSERT INTO BDD1_ACCION_TERAP_MEDICAMENTO VALUES (173,2,'TRATA');
INSERT INTO BDD1_ACCION_TERAP_MEDICAMENTO VALUES (173,1,'CONTROLA');
INSERT INTO BDD1_ACCION_TERAP_MEDICAMENTO VALUES (174,3,'AYUDA');
INSERT INTO BDD1_ACCION_TERAP_MEDICAMENTO VALUES (175,9,'MEJORA');
INSERT INTO BDD1_ACCION_TERAP_MEDICAMENTO VALUES (175,2,'BRINDA');
INSERT INTO BDD1_ACCION_TERAP_MEDICAMENTO VALUES (176,3,'NO APLICA');
INSERT INTO BDD1_ACCION_TERAP_MEDICAMENTO VALUES (176,5,'PREVIENE');
INSERT INTO BDD1_ACCION_TERAP_MEDICAMENTO VALUES (177,4,'TRATA');
INSERT INTO BDD1_ACCION_TERAP_MEDICAMENTO VALUES (178,2,'CONTROLA');
INSERT INTO BDD1_ACCION_TERAP_MEDICAMENTO VALUES (178,3,'AYUDA');
INSERT INTO BDD1_ACCION_TERAP_MEDICAMENTO VALUES (179,1,'MEJORA');
INSERT INTO BDD1_ACCION_TERAP_MEDICAMENTO VALUES (180,7,'BRINDA');
INSERT INTO BDD1_ACCION_TERAP_MEDICAMENTO VALUES (180,4,'NO APLICA');
INSERT INTO BDD1_ACCION_TERAP_MEDICAMENTO VALUES (181,9,'PREVIENE');
INSERT INTO BDD1_ACCION_TERAP_MEDICAMENTO VALUES (181,6,'TRATA');
INSERT INTO BDD1_ACCION_TERAP_MEDICAMENTO VALUES (182,4,'CONTROLA');
INSERT INTO BDD1_ACCION_TERAP_MEDICAMENTO VALUES (183,5,'AYUDA');
INSERT INTO BDD1_ACCION_TERAP_MEDICAMENTO VALUES (183,4,'MEJORA');
INSERT INTO BDD1_ACCION_TERAP_MEDICAMENTO VALUES (184,7,'BRINDA');
INSERT INTO BDD1_ACCION_TERAP_MEDICAMENTO VALUES (185,8,'NO APLICA');
INSERT INTO BDD1_ACCION_TERAP_MEDICAMENTO VALUES (185,10,'PREVIENE');
INSERT INTO BDD1_ACCION_TERAP_MEDICAMENTO VALUES (186,4,'TRATA');
INSERT INTO BDD1_ACCION_TERAP_MEDICAMENTO VALUES (186,1,'CONTROLA');
INSERT INTO BDD1_ACCION_TERAP_MEDICAMENTO VALUES (187,10,'AYUDA');
INSERT INTO BDD1_ACCION_TERAP_MEDICAMENTO VALUES (188,4,'MEJORA');
INSERT INTO BDD1_ACCION_TERAP_MEDICAMENTO VALUES (188,10,'BRINDA');
INSERT INTO BDD1_ACCION_TERAP_MEDICAMENTO VALUES (189,2,'NO APLICA');
INSERT INTO BDD1_ACCION_TERAP_MEDICAMENTO VALUES (190,3,'PREVIENE');
INSERT INTO BDD1_ACCION_TERAP_MEDICAMENTO VALUES (190,4,'TRATA');
INSERT INTO BDD1_ACCION_TERAP_MEDICAMENTO VALUES (191,5,'CONTROLA');
INSERT INTO BDD1_ACCION_TERAP_MEDICAMENTO VALUES (192,6,'AYUDA');
INSERT INTO BDD1_ACCION_TERAP_MEDICAMENTO VALUES (192,9,'MEJORA');
INSERT INTO BDD1_ACCION_TERAP_MEDICAMENTO VALUES (193,4,'BRINDA');
INSERT INTO BDD1_ACCION_TERAP_MEDICAMENTO VALUES (193,2,'NO APLICA');
INSERT INTO BDD1_ACCION_TERAP_MEDICAMENTO VALUES (194,3,'PREVIENE');
INSERT INTO BDD1_ACCION_TERAP_MEDICAMENTO VALUES (195,1,'TRATA');
INSERT INTO BDD1_ACCION_TERAP_MEDICAMENTO VALUES (195,3,'CONTROLA');
INSERT INTO BDD1_ACCION_TERAP_MEDICAMENTO VALUES (196,1,'AYUDA');
INSERT INTO BDD1_ACCION_TERAP_MEDICAMENTO VALUES (197,6,'MEJORA');
INSERT INTO BDD1_ACCION_TERAP_MEDICAMENTO VALUES (197,7,'BRINDA');
INSERT INTO BDD1_ACCION_TERAP_MEDICAMENTO VALUES (198,5,'NO APLICA');
INSERT INTO BDD1_ACCION_TERAP_MEDICAMENTO VALUES (198,8,'PREVIENE');
INSERT INTO BDD1_ACCION_TERAP_MEDICAMENTO VALUES (199,2,'TRATA');
INSERT INTO BDD1_ACCION_TERAP_MEDICAMENTO VALUES (200,6,'CONTROLA');
INSERT INTO BDD1_ACCION_TERAP_MEDICAMENTO VALUES (200,2,'AYUDA');



--BDD1_LABORATO_X_MEDICA

INSERT INTO BDD1_LABORATO_X_MEDICA(ID_MEDICAMENTO, ID_LABORATORIO) VALUES (1,19);
INSERT INTO BDD1_LABORATO_X_MEDICA(ID_MEDICAMENTO, ID_LABORATORIO) VALUES (2,17);
INSERT INTO BDD1_LABORATO_X_MEDICA(ID_MEDICAMENTO, ID_LABORATORIO) VALUES (3,7);
INSERT INTO BDD1_LABORATO_X_MEDICA(ID_MEDICAMENTO, ID_LABORATORIO) VALUES (4,22);
INSERT INTO BDD1_LABORATO_X_MEDICA(ID_MEDICAMENTO, ID_LABORATORIO) VALUES (5,14);
INSERT INTO BDD1_LABORATO_X_MEDICA(ID_MEDICAMENTO, ID_LABORATORIO) VALUES (6,32);
INSERT INTO BDD1_LABORATO_X_MEDICA(ID_MEDICAMENTO, ID_LABORATORIO) VALUES (7,8);
INSERT INTO BDD1_LABORATO_X_MEDICA(ID_MEDICAMENTO, ID_LABORATORIO) VALUES (8,23);
INSERT INTO BDD1_LABORATO_X_MEDICA(ID_MEDICAMENTO, ID_LABORATORIO) VALUES (9,32);
INSERT INTO BDD1_LABORATO_X_MEDICA(ID_MEDICAMENTO, ID_LABORATORIO) VALUES (10,21);
INSERT INTO BDD1_LABORATO_X_MEDICA(ID_MEDICAMENTO, ID_LABORATORIO) VALUES (11,35);
INSERT INTO BDD1_LABORATO_X_MEDICA(ID_MEDICAMENTO, ID_LABORATORIO) VALUES (12,35);
INSERT INTO BDD1_LABORATO_X_MEDICA(ID_MEDICAMENTO, ID_LABORATORIO) VALUES (13,37);
INSERT INTO BDD1_LABORATO_X_MEDICA(ID_MEDICAMENTO, ID_LABORATORIO) VALUES (14,31);
INSERT INTO BDD1_LABORATO_X_MEDICA(ID_MEDICAMENTO, ID_LABORATORIO) VALUES (15,16);
INSERT INTO BDD1_LABORATO_X_MEDICA(ID_MEDICAMENTO, ID_LABORATORIO) VALUES (16,19);
INSERT INTO BDD1_LABORATO_X_MEDICA(ID_MEDICAMENTO, ID_LABORATORIO) VALUES (17,29);
INSERT INTO BDD1_LABORATO_X_MEDICA(ID_MEDICAMENTO, ID_LABORATORIO) VALUES (18,36);
INSERT INTO BDD1_LABORATO_X_MEDICA(ID_MEDICAMENTO, ID_LABORATORIO) VALUES (19,4);
INSERT INTO BDD1_LABORATO_X_MEDICA(ID_MEDICAMENTO, ID_LABORATORIO) VALUES (20,17);
INSERT INTO BDD1_LABORATO_X_MEDICA(ID_MEDICAMENTO, ID_LABORATORIO) VALUES (21,1);
INSERT INTO BDD1_LABORATO_X_MEDICA(ID_MEDICAMENTO, ID_LABORATORIO) VALUES (22,4);
INSERT INTO BDD1_LABORATO_X_MEDICA(ID_MEDICAMENTO, ID_LABORATORIO) VALUES (23,36);
INSERT INTO BDD1_LABORATO_X_MEDICA(ID_MEDICAMENTO, ID_LABORATORIO) VALUES (24,24);
INSERT INTO BDD1_LABORATO_X_MEDICA(ID_MEDICAMENTO, ID_LABORATORIO) VALUES (25,17);
INSERT INTO BDD1_LABORATO_X_MEDICA(ID_MEDICAMENTO, ID_LABORATORIO) VALUES (26,37);
INSERT INTO BDD1_LABORATO_X_MEDICA(ID_MEDICAMENTO, ID_LABORATORIO) VALUES (27,4);
INSERT INTO BDD1_LABORATO_X_MEDICA(ID_MEDICAMENTO, ID_LABORATORIO) VALUES (28,39);
INSERT INTO BDD1_LABORATO_X_MEDICA(ID_MEDICAMENTO, ID_LABORATORIO) VALUES (29,1);
INSERT INTO BDD1_LABORATO_X_MEDICA(ID_MEDICAMENTO, ID_LABORATORIO) VALUES (30,25);
INSERT INTO BDD1_LABORATO_X_MEDICA(ID_MEDICAMENTO, ID_LABORATORIO) VALUES (31,17);
INSERT INTO BDD1_LABORATO_X_MEDICA(ID_MEDICAMENTO, ID_LABORATORIO) VALUES (32,12);
INSERT INTO BDD1_LABORATO_X_MEDICA(ID_MEDICAMENTO, ID_LABORATORIO) VALUES (33,22);
INSERT INTO BDD1_LABORATO_X_MEDICA(ID_MEDICAMENTO, ID_LABORATORIO) VALUES (34,31);
INSERT INTO BDD1_LABORATO_X_MEDICA(ID_MEDICAMENTO, ID_LABORATORIO) VALUES (35,16);
INSERT INTO BDD1_LABORATO_X_MEDICA(ID_MEDICAMENTO, ID_LABORATORIO) VALUES (36,39);
INSERT INTO BDD1_LABORATO_X_MEDICA(ID_MEDICAMENTO, ID_LABORATORIO) VALUES (37,39);
INSERT INTO BDD1_LABORATO_X_MEDICA(ID_MEDICAMENTO, ID_LABORATORIO) VALUES (38,8);
INSERT INTO BDD1_LABORATO_X_MEDICA(ID_MEDICAMENTO, ID_LABORATORIO) VALUES (39,20);
INSERT INTO BDD1_LABORATO_X_MEDICA(ID_MEDICAMENTO, ID_LABORATORIO) VALUES (40,36);
INSERT INTO BDD1_LABORATO_X_MEDICA(ID_MEDICAMENTO, ID_LABORATORIO) VALUES (41,5);
INSERT INTO BDD1_LABORATO_X_MEDICA(ID_MEDICAMENTO, ID_LABORATORIO) VALUES (42,35);
INSERT INTO BDD1_LABORATO_X_MEDICA(ID_MEDICAMENTO, ID_LABORATORIO) VALUES (43,37);
INSERT INTO BDD1_LABORATO_X_MEDICA(ID_MEDICAMENTO, ID_LABORATORIO) VALUES (44,20);
INSERT INTO BDD1_LABORATO_X_MEDICA(ID_MEDICAMENTO, ID_LABORATORIO) VALUES (45,38);
INSERT INTO BDD1_LABORATO_X_MEDICA(ID_MEDICAMENTO, ID_LABORATORIO) VALUES (46,30);
INSERT INTO BDD1_LABORATO_X_MEDICA(ID_MEDICAMENTO, ID_LABORATORIO) VALUES (47,8);
INSERT INTO BDD1_LABORATO_X_MEDICA(ID_MEDICAMENTO, ID_LABORATORIO) VALUES (48,35);
INSERT INTO BDD1_LABORATO_X_MEDICA(ID_MEDICAMENTO, ID_LABORATORIO) VALUES (49,39);
INSERT INTO BDD1_LABORATO_X_MEDICA(ID_MEDICAMENTO, ID_LABORATORIO) VALUES (50,30);
INSERT INTO BDD1_LABORATO_X_MEDICA(ID_MEDICAMENTO, ID_LABORATORIO) VALUES (51,11);
INSERT INTO BDD1_LABORATO_X_MEDICA(ID_MEDICAMENTO, ID_LABORATORIO) VALUES (52,22);
INSERT INTO BDD1_LABORATO_X_MEDICA(ID_MEDICAMENTO, ID_LABORATORIO) VALUES (53,38);
INSERT INTO BDD1_LABORATO_X_MEDICA(ID_MEDICAMENTO, ID_LABORATORIO) VALUES (54,1);
INSERT INTO BDD1_LABORATO_X_MEDICA(ID_MEDICAMENTO, ID_LABORATORIO) VALUES (55,7);
INSERT INTO BDD1_LABORATO_X_MEDICA(ID_MEDICAMENTO, ID_LABORATORIO) VALUES (56,4);
INSERT INTO BDD1_LABORATO_X_MEDICA(ID_MEDICAMENTO, ID_LABORATORIO) VALUES (57,19);
INSERT INTO BDD1_LABORATO_X_MEDICA(ID_MEDICAMENTO, ID_LABORATORIO) VALUES (58,6);
INSERT INTO BDD1_LABORATO_X_MEDICA(ID_MEDICAMENTO, ID_LABORATORIO) VALUES (59,5);
INSERT INTO BDD1_LABORATO_X_MEDICA(ID_MEDICAMENTO, ID_LABORATORIO) VALUES (60,39);
INSERT INTO BDD1_LABORATO_X_MEDICA(ID_MEDICAMENTO, ID_LABORATORIO) VALUES (61,19);
INSERT INTO BDD1_LABORATO_X_MEDICA(ID_MEDICAMENTO, ID_LABORATORIO) VALUES (62,24);
INSERT INTO BDD1_LABORATO_X_MEDICA(ID_MEDICAMENTO, ID_LABORATORIO) VALUES (63,3);
INSERT INTO BDD1_LABORATO_X_MEDICA(ID_MEDICAMENTO, ID_LABORATORIO) VALUES (64,3);
INSERT INTO BDD1_LABORATO_X_MEDICA(ID_MEDICAMENTO, ID_LABORATORIO) VALUES (65,20);
INSERT INTO BDD1_LABORATO_X_MEDICA(ID_MEDICAMENTO, ID_LABORATORIO) VALUES (66,25);
INSERT INTO BDD1_LABORATO_X_MEDICA(ID_MEDICAMENTO, ID_LABORATORIO) VALUES (67,12);
INSERT INTO BDD1_LABORATO_X_MEDICA(ID_MEDICAMENTO, ID_LABORATORIO) VALUES (68,35);
INSERT INTO BDD1_LABORATO_X_MEDICA(ID_MEDICAMENTO, ID_LABORATORIO) VALUES (69,2);
INSERT INTO BDD1_LABORATO_X_MEDICA(ID_MEDICAMENTO, ID_LABORATORIO) VALUES (70,27);
INSERT INTO BDD1_LABORATO_X_MEDICA(ID_MEDICAMENTO, ID_LABORATORIO) VALUES (71,9);
INSERT INTO BDD1_LABORATO_X_MEDICA(ID_MEDICAMENTO, ID_LABORATORIO) VALUES (72,39);
INSERT INTO BDD1_LABORATO_X_MEDICA(ID_MEDICAMENTO, ID_LABORATORIO) VALUES (73,31);
INSERT INTO BDD1_LABORATO_X_MEDICA(ID_MEDICAMENTO, ID_LABORATORIO) VALUES (74,20);
INSERT INTO BDD1_LABORATO_X_MEDICA(ID_MEDICAMENTO, ID_LABORATORIO) VALUES (75,6);
INSERT INTO BDD1_LABORATO_X_MEDICA(ID_MEDICAMENTO, ID_LABORATORIO) VALUES (76,11);
INSERT INTO BDD1_LABORATO_X_MEDICA(ID_MEDICAMENTO, ID_LABORATORIO) VALUES (77,13);
INSERT INTO BDD1_LABORATO_X_MEDICA(ID_MEDICAMENTO, ID_LABORATORIO) VALUES (78,4);
INSERT INTO BDD1_LABORATO_X_MEDICA(ID_MEDICAMENTO, ID_LABORATORIO) VALUES (79,3);
INSERT INTO BDD1_LABORATO_X_MEDICA(ID_MEDICAMENTO, ID_LABORATORIO) VALUES (80,13);
INSERT INTO BDD1_LABORATO_X_MEDICA(ID_MEDICAMENTO, ID_LABORATORIO) VALUES (81,31);
INSERT INTO BDD1_LABORATO_X_MEDICA(ID_MEDICAMENTO, ID_LABORATORIO) VALUES (82,7);
INSERT INTO BDD1_LABORATO_X_MEDICA(ID_MEDICAMENTO, ID_LABORATORIO) VALUES (83,14);
INSERT INTO BDD1_LABORATO_X_MEDICA(ID_MEDICAMENTO, ID_LABORATORIO) VALUES (84,17);
INSERT INTO BDD1_LABORATO_X_MEDICA(ID_MEDICAMENTO, ID_LABORATORIO) VALUES (85,9);
INSERT INTO BDD1_LABORATO_X_MEDICA(ID_MEDICAMENTO, ID_LABORATORIO) VALUES (86,12);
INSERT INTO BDD1_LABORATO_X_MEDICA(ID_MEDICAMENTO, ID_LABORATORIO) VALUES (87,37);
INSERT INTO BDD1_LABORATO_X_MEDICA(ID_MEDICAMENTO, ID_LABORATORIO) VALUES (88,18);
INSERT INTO BDD1_LABORATO_X_MEDICA(ID_MEDICAMENTO, ID_LABORATORIO) VALUES (89,5);
INSERT INTO BDD1_LABORATO_X_MEDICA(ID_MEDICAMENTO, ID_LABORATORIO) VALUES (90,28);
INSERT INTO BDD1_LABORATO_X_MEDICA(ID_MEDICAMENTO, ID_LABORATORIO) VALUES (91,17);
INSERT INTO BDD1_LABORATO_X_MEDICA(ID_MEDICAMENTO, ID_LABORATORIO) VALUES (92,26);
INSERT INTO BDD1_LABORATO_X_MEDICA(ID_MEDICAMENTO, ID_LABORATORIO) VALUES (93,6);
INSERT INTO BDD1_LABORATO_X_MEDICA(ID_MEDICAMENTO, ID_LABORATORIO) VALUES (94,31);
INSERT INTO BDD1_LABORATO_X_MEDICA(ID_MEDICAMENTO, ID_LABORATORIO) VALUES (95,19);
INSERT INTO BDD1_LABORATO_X_MEDICA(ID_MEDICAMENTO, ID_LABORATORIO) VALUES (96,28);
INSERT INTO BDD1_LABORATO_X_MEDICA(ID_MEDICAMENTO, ID_LABORATORIO) VALUES (97,14);
INSERT INTO BDD1_LABORATO_X_MEDICA(ID_MEDICAMENTO, ID_LABORATORIO) VALUES (98,33);
INSERT INTO BDD1_LABORATO_X_MEDICA(ID_MEDICAMENTO, ID_LABORATORIO) VALUES (99,25);
INSERT INTO BDD1_LABORATO_X_MEDICA(ID_MEDICAMENTO, ID_LABORATORIO) VALUES (100,27);
INSERT INTO BDD1_LABORATO_X_MEDICA(ID_MEDICAMENTO, ID_LABORATORIO) VALUES (101,18);
INSERT INTO BDD1_LABORATO_X_MEDICA(ID_MEDICAMENTO, ID_LABORATORIO) VALUES (102,24);
INSERT INTO BDD1_LABORATO_X_MEDICA(ID_MEDICAMENTO, ID_LABORATORIO) VALUES (103,13);
INSERT INTO BDD1_LABORATO_X_MEDICA(ID_MEDICAMENTO, ID_LABORATORIO) VALUES (104,15);
INSERT INTO BDD1_LABORATO_X_MEDICA(ID_MEDICAMENTO, ID_LABORATORIO) VALUES (105,8);
INSERT INTO BDD1_LABORATO_X_MEDICA(ID_MEDICAMENTO, ID_LABORATORIO) VALUES (106,15);
INSERT INTO BDD1_LABORATO_X_MEDICA(ID_MEDICAMENTO, ID_LABORATORIO) VALUES (107,18);
INSERT INTO BDD1_LABORATO_X_MEDICA(ID_MEDICAMENTO, ID_LABORATORIO) VALUES (108,32);
INSERT INTO BDD1_LABORATO_X_MEDICA(ID_MEDICAMENTO, ID_LABORATORIO) VALUES (109,31);
INSERT INTO BDD1_LABORATO_X_MEDICA(ID_MEDICAMENTO, ID_LABORATORIO) VALUES (110,6);
INSERT INTO BDD1_LABORATO_X_MEDICA(ID_MEDICAMENTO, ID_LABORATORIO) VALUES (111,21);
INSERT INTO BDD1_LABORATO_X_MEDICA(ID_MEDICAMENTO, ID_LABORATORIO) VALUES (112,31);
INSERT INTO BDD1_LABORATO_X_MEDICA(ID_MEDICAMENTO, ID_LABORATORIO) VALUES (113,15);
INSERT INTO BDD1_LABORATO_X_MEDICA(ID_MEDICAMENTO, ID_LABORATORIO) VALUES (114,17);
INSERT INTO BDD1_LABORATO_X_MEDICA(ID_MEDICAMENTO, ID_LABORATORIO) VALUES (115,37);
INSERT INTO BDD1_LABORATO_X_MEDICA(ID_MEDICAMENTO, ID_LABORATORIO) VALUES (116,37);
INSERT INTO BDD1_LABORATO_X_MEDICA(ID_MEDICAMENTO, ID_LABORATORIO) VALUES (117,38);
INSERT INTO BDD1_LABORATO_X_MEDICA(ID_MEDICAMENTO, ID_LABORATORIO) VALUES (118,3);
INSERT INTO BDD1_LABORATO_X_MEDICA(ID_MEDICAMENTO, ID_LABORATORIO) VALUES (119,20);
INSERT INTO BDD1_LABORATO_X_MEDICA(ID_MEDICAMENTO, ID_LABORATORIO) VALUES (120,39);
INSERT INTO BDD1_LABORATO_X_MEDICA(ID_MEDICAMENTO, ID_LABORATORIO) VALUES (121,16);
INSERT INTO BDD1_LABORATO_X_MEDICA(ID_MEDICAMENTO, ID_LABORATORIO) VALUES (122,38);
INSERT INTO BDD1_LABORATO_X_MEDICA(ID_MEDICAMENTO, ID_LABORATORIO) VALUES (123,5);
INSERT INTO BDD1_LABORATO_X_MEDICA(ID_MEDICAMENTO, ID_LABORATORIO) VALUES (124,35);
INSERT INTO BDD1_LABORATO_X_MEDICA(ID_MEDICAMENTO, ID_LABORATORIO) VALUES (125,19);
INSERT INTO BDD1_LABORATO_X_MEDICA(ID_MEDICAMENTO, ID_LABORATORIO) VALUES (126,14);
INSERT INTO BDD1_LABORATO_X_MEDICA(ID_MEDICAMENTO, ID_LABORATORIO) VALUES (127,8);
INSERT INTO BDD1_LABORATO_X_MEDICA(ID_MEDICAMENTO, ID_LABORATORIO) VALUES (128,24);
INSERT INTO BDD1_LABORATO_X_MEDICA(ID_MEDICAMENTO, ID_LABORATORIO) VALUES (129,20);
INSERT INTO BDD1_LABORATO_X_MEDICA(ID_MEDICAMENTO, ID_LABORATORIO) VALUES (130,13);
INSERT INTO BDD1_LABORATO_X_MEDICA(ID_MEDICAMENTO, ID_LABORATORIO) VALUES (131,23);
INSERT INTO BDD1_LABORATO_X_MEDICA(ID_MEDICAMENTO, ID_LABORATORIO) VALUES (132,7);
INSERT INTO BDD1_LABORATO_X_MEDICA(ID_MEDICAMENTO, ID_LABORATORIO) VALUES (133,6);
INSERT INTO BDD1_LABORATO_X_MEDICA(ID_MEDICAMENTO, ID_LABORATORIO) VALUES (134,15);
INSERT INTO BDD1_LABORATO_X_MEDICA(ID_MEDICAMENTO, ID_LABORATORIO) VALUES (135,36);
INSERT INTO BDD1_LABORATO_X_MEDICA(ID_MEDICAMENTO, ID_LABORATORIO) VALUES (136,17);
INSERT INTO BDD1_LABORATO_X_MEDICA(ID_MEDICAMENTO, ID_LABORATORIO) VALUES (137,2);
INSERT INTO BDD1_LABORATO_X_MEDICA(ID_MEDICAMENTO, ID_LABORATORIO) VALUES (138,10);
INSERT INTO BDD1_LABORATO_X_MEDICA(ID_MEDICAMENTO, ID_LABORATORIO) VALUES (139,13);
INSERT INTO BDD1_LABORATO_X_MEDICA(ID_MEDICAMENTO, ID_LABORATORIO) VALUES (140,14);
INSERT INTO BDD1_LABORATO_X_MEDICA(ID_MEDICAMENTO, ID_LABORATORIO) VALUES (141,1);
INSERT INTO BDD1_LABORATO_X_MEDICA(ID_MEDICAMENTO, ID_LABORATORIO) VALUES (142,27);
INSERT INTO BDD1_LABORATO_X_MEDICA(ID_MEDICAMENTO, ID_LABORATORIO) VALUES (143,19);
INSERT INTO BDD1_LABORATO_X_MEDICA(ID_MEDICAMENTO, ID_LABORATORIO) VALUES (144,15);
INSERT INTO BDD1_LABORATO_X_MEDICA(ID_MEDICAMENTO, ID_LABORATORIO) VALUES (145,30);
INSERT INTO BDD1_LABORATO_X_MEDICA(ID_MEDICAMENTO, ID_LABORATORIO) VALUES (146,3);
INSERT INTO BDD1_LABORATO_X_MEDICA(ID_MEDICAMENTO, ID_LABORATORIO) VALUES (147,27);
INSERT INTO BDD1_LABORATO_X_MEDICA(ID_MEDICAMENTO, ID_LABORATORIO) VALUES (148,30);
INSERT INTO BDD1_LABORATO_X_MEDICA(ID_MEDICAMENTO, ID_LABORATORIO) VALUES (149,32);
INSERT INTO BDD1_LABORATO_X_MEDICA(ID_MEDICAMENTO, ID_LABORATORIO) VALUES (150,14);
INSERT INTO BDD1_LABORATO_X_MEDICA(ID_MEDICAMENTO, ID_LABORATORIO) VALUES (151,14);
INSERT INTO BDD1_LABORATO_X_MEDICA(ID_MEDICAMENTO, ID_LABORATORIO) VALUES (152,3);
INSERT INTO BDD1_LABORATO_X_MEDICA(ID_MEDICAMENTO, ID_LABORATORIO) VALUES (153,34);
INSERT INTO BDD1_LABORATO_X_MEDICA(ID_MEDICAMENTO, ID_LABORATORIO) VALUES (154,27);
INSERT INTO BDD1_LABORATO_X_MEDICA(ID_MEDICAMENTO, ID_LABORATORIO) VALUES (155,14);
INSERT INTO BDD1_LABORATO_X_MEDICA(ID_MEDICAMENTO, ID_LABORATORIO) VALUES (156,27);
INSERT INTO BDD1_LABORATO_X_MEDICA(ID_MEDICAMENTO, ID_LABORATORIO) VALUES (157,17);
INSERT INTO BDD1_LABORATO_X_MEDICA(ID_MEDICAMENTO, ID_LABORATORIO) VALUES (158,27);
INSERT INTO BDD1_LABORATO_X_MEDICA(ID_MEDICAMENTO, ID_LABORATORIO) VALUES (159,7);
INSERT INTO BDD1_LABORATO_X_MEDICA(ID_MEDICAMENTO, ID_LABORATORIO) VALUES (160,30);
INSERT INTO BDD1_LABORATO_X_MEDICA(ID_MEDICAMENTO, ID_LABORATORIO) VALUES (161,16);
INSERT INTO BDD1_LABORATO_X_MEDICA(ID_MEDICAMENTO, ID_LABORATORIO) VALUES (162,31);
INSERT INTO BDD1_LABORATO_X_MEDICA(ID_MEDICAMENTO, ID_LABORATORIO) VALUES (163,7);
INSERT INTO BDD1_LABORATO_X_MEDICA(ID_MEDICAMENTO, ID_LABORATORIO) VALUES (164,15);
INSERT INTO BDD1_LABORATO_X_MEDICA(ID_MEDICAMENTO, ID_LABORATORIO) VALUES (165,18);
INSERT INTO BDD1_LABORATO_X_MEDICA(ID_MEDICAMENTO, ID_LABORATORIO) VALUES (166,39);
INSERT INTO BDD1_LABORATO_X_MEDICA(ID_MEDICAMENTO, ID_LABORATORIO) VALUES (167,16);
INSERT INTO BDD1_LABORATO_X_MEDICA(ID_MEDICAMENTO, ID_LABORATORIO) VALUES (168,29);
INSERT INTO BDD1_LABORATO_X_MEDICA(ID_MEDICAMENTO, ID_LABORATORIO) VALUES (169,13);
INSERT INTO BDD1_LABORATO_X_MEDICA(ID_MEDICAMENTO, ID_LABORATORIO) VALUES (170,37);
INSERT INTO BDD1_LABORATO_X_MEDICA(ID_MEDICAMENTO, ID_LABORATORIO) VALUES (171,7);
INSERT INTO BDD1_LABORATO_X_MEDICA(ID_MEDICAMENTO, ID_LABORATORIO) VALUES (172,39);
INSERT INTO BDD1_LABORATO_X_MEDICA(ID_MEDICAMENTO, ID_LABORATORIO) VALUES (173,13);
INSERT INTO BDD1_LABORATO_X_MEDICA(ID_MEDICAMENTO, ID_LABORATORIO) VALUES (174,12);
INSERT INTO BDD1_LABORATO_X_MEDICA(ID_MEDICAMENTO, ID_LABORATORIO) VALUES (175,20);
INSERT INTO BDD1_LABORATO_X_MEDICA(ID_MEDICAMENTO, ID_LABORATORIO) VALUES (176,13);
INSERT INTO BDD1_LABORATO_X_MEDICA(ID_MEDICAMENTO, ID_LABORATORIO) VALUES (177,9);
INSERT INTO BDD1_LABORATO_X_MEDICA(ID_MEDICAMENTO, ID_LABORATORIO) VALUES (178,15);
INSERT INTO BDD1_LABORATO_X_MEDICA(ID_MEDICAMENTO, ID_LABORATORIO) VALUES (179,18);
INSERT INTO BDD1_LABORATO_X_MEDICA(ID_MEDICAMENTO, ID_LABORATORIO) VALUES (180,9);
INSERT INTO BDD1_LABORATO_X_MEDICA(ID_MEDICAMENTO, ID_LABORATORIO) VALUES (181,32);
INSERT INTO BDD1_LABORATO_X_MEDICA(ID_MEDICAMENTO, ID_LABORATORIO) VALUES (182,37);
INSERT INTO BDD1_LABORATO_X_MEDICA(ID_MEDICAMENTO, ID_LABORATORIO) VALUES (183,28);
INSERT INTO BDD1_LABORATO_X_MEDICA(ID_MEDICAMENTO, ID_LABORATORIO) VALUES (184,26);
INSERT INTO BDD1_LABORATO_X_MEDICA(ID_MEDICAMENTO, ID_LABORATORIO) VALUES (185,3);
INSERT INTO BDD1_LABORATO_X_MEDICA(ID_MEDICAMENTO, ID_LABORATORIO) VALUES (186,26);
INSERT INTO BDD1_LABORATO_X_MEDICA(ID_MEDICAMENTO, ID_LABORATORIO) VALUES (187,3);
INSERT INTO BDD1_LABORATO_X_MEDICA(ID_MEDICAMENTO, ID_LABORATORIO) VALUES (188,16);
INSERT INTO BDD1_LABORATO_X_MEDICA(ID_MEDICAMENTO, ID_LABORATORIO) VALUES (189,39);
INSERT INTO BDD1_LABORATO_X_MEDICA(ID_MEDICAMENTO, ID_LABORATORIO) VALUES (190,36);
INSERT INTO BDD1_LABORATO_X_MEDICA(ID_MEDICAMENTO, ID_LABORATORIO) VALUES (191,19);
INSERT INTO BDD1_LABORATO_X_MEDICA(ID_MEDICAMENTO, ID_LABORATORIO) VALUES (192,30);
INSERT INTO BDD1_LABORATO_X_MEDICA(ID_MEDICAMENTO, ID_LABORATORIO) VALUES (193,4);
INSERT INTO BDD1_LABORATO_X_MEDICA(ID_MEDICAMENTO, ID_LABORATORIO) VALUES (194,12);
INSERT INTO BDD1_LABORATO_X_MEDICA(ID_MEDICAMENTO, ID_LABORATORIO) VALUES (195,27);
INSERT INTO BDD1_LABORATO_X_MEDICA(ID_MEDICAMENTO, ID_LABORATORIO) VALUES (196,35);
INSERT INTO BDD1_LABORATO_X_MEDICA(ID_MEDICAMENTO, ID_LABORATORIO) VALUES (197,20);
INSERT INTO BDD1_LABORATO_X_MEDICA(ID_MEDICAMENTO, ID_LABORATORIO) VALUES (198,9);
INSERT INTO BDD1_LABORATO_X_MEDICA(ID_MEDICAMENTO, ID_LABORATORIO) VALUES (199,22);
INSERT INTO BDD1_LABORATO_X_MEDICA(ID_MEDICAMENTO, ID_LABORATORIO) VALUES (200,35);

INSERT INTO BDD1_LABORATO_X_MEDICA(ID_MEDICAMENTO, ID_LABORATORIO) VALUES (3,18);
INSERT INTO BDD1_LABORATO_X_MEDICA(ID_MEDICAMENTO, ID_LABORATORIO) VALUES (6,21);
INSERT INTO BDD1_LABORATO_X_MEDICA(ID_MEDICAMENTO, ID_LABORATORIO) VALUES (8,34);
INSERT INTO BDD1_LABORATO_X_MEDICA(ID_MEDICAMENTO, ID_LABORATORIO) VALUES (9,17);
INSERT INTO BDD1_LABORATO_X_MEDICA(ID_MEDICAMENTO, ID_LABORATORIO) VALUES (10,28);
INSERT INTO BDD1_LABORATO_X_MEDICA(ID_MEDICAMENTO, ID_LABORATORIO) VALUES (11,31);
INSERT INTO BDD1_LABORATO_X_MEDICA(ID_MEDICAMENTO, ID_LABORATORIO) VALUES (12,26);
INSERT INTO BDD1_LABORATO_X_MEDICA(ID_MEDICAMENTO, ID_LABORATORIO) VALUES (17,15);
INSERT INTO BDD1_LABORATO_X_MEDICA(ID_MEDICAMENTO, ID_LABORATORIO) VALUES (18,4);
INSERT INTO BDD1_LABORATO_X_MEDICA(ID_MEDICAMENTO, ID_LABORATORIO) VALUES (19,21);
INSERT INTO BDD1_LABORATO_X_MEDICA(ID_MEDICAMENTO, ID_LABORATORIO) VALUES (23,10);
INSERT INTO BDD1_LABORATO_X_MEDICA(ID_MEDICAMENTO, ID_LABORATORIO) VALUES (24,33);
INSERT INTO BDD1_LABORATO_X_MEDICA(ID_MEDICAMENTO, ID_LABORATORIO) VALUES (25,37);
INSERT INTO BDD1_LABORATO_X_MEDICA(ID_MEDICAMENTO, ID_LABORATORIO) VALUES (26,29);
INSERT INTO BDD1_LABORATO_X_MEDICA(ID_MEDICAMENTO, ID_LABORATORIO) VALUES (33,13);
INSERT INTO BDD1_LABORATO_X_MEDICA(ID_MEDICAMENTO, ID_LABORATORIO) VALUES (37,16);
INSERT INTO BDD1_LABORATO_X_MEDICA(ID_MEDICAMENTO, ID_LABORATORIO) VALUES (41,11);
INSERT INTO BDD1_LABORATO_X_MEDICA(ID_MEDICAMENTO, ID_LABORATORIO) VALUES (46,5);
INSERT INTO BDD1_LABORATO_X_MEDICA(ID_MEDICAMENTO, ID_LABORATORIO) VALUES (48,13);
INSERT INTO BDD1_LABORATO_X_MEDICA(ID_MEDICAMENTO, ID_LABORATORIO) VALUES (49,7);
INSERT INTO BDD1_LABORATO_X_MEDICA(ID_MEDICAMENTO, ID_LABORATORIO) VALUES (50,26);
INSERT INTO BDD1_LABORATO_X_MEDICA(ID_MEDICAMENTO, ID_LABORATORIO) VALUES (54,37);
INSERT INTO BDD1_LABORATO_X_MEDICA(ID_MEDICAMENTO, ID_LABORATORIO) VALUES (55,13);
INSERT INTO BDD1_LABORATO_X_MEDICA(ID_MEDICAMENTO, ID_LABORATORIO) VALUES (60,2);
INSERT INTO BDD1_LABORATO_X_MEDICA(ID_MEDICAMENTO, ID_LABORATORIO) VALUES (61,5);
INSERT INTO BDD1_LABORATO_X_MEDICA(ID_MEDICAMENTO, ID_LABORATORIO) VALUES (62,1);
INSERT INTO BDD1_LABORATO_X_MEDICA(ID_MEDICAMENTO, ID_LABORATORIO) VALUES (67,33);
INSERT INTO BDD1_LABORATO_X_MEDICA(ID_MEDICAMENTO, ID_LABORATORIO) VALUES (72,33);
INSERT INTO BDD1_LABORATO_X_MEDICA(ID_MEDICAMENTO, ID_LABORATORIO) VALUES (76,32);
INSERT INTO BDD1_LABORATO_X_MEDICA(ID_MEDICAMENTO, ID_LABORATORIO) VALUES (81,9);
INSERT INTO BDD1_LABORATO_X_MEDICA(ID_MEDICAMENTO, ID_LABORATORIO) VALUES (86,22);
INSERT INTO BDD1_LABORATO_X_MEDICA(ID_MEDICAMENTO, ID_LABORATORIO) VALUES (86,15);
INSERT INTO BDD1_LABORATO_X_MEDICA(ID_MEDICAMENTO, ID_LABORATORIO) VALUES (86,27);
INSERT INTO BDD1_LABORATO_X_MEDICA(ID_MEDICAMENTO, ID_LABORATORIO) VALUES (86,11);
INSERT INTO BDD1_LABORATO_X_MEDICA(ID_MEDICAMENTO, ID_LABORATORIO) VALUES (90,8);
INSERT INTO BDD1_LABORATO_X_MEDICA(ID_MEDICAMENTO, ID_LABORATORIO) VALUES (94,29);
INSERT INTO BDD1_LABORATO_X_MEDICA(ID_MEDICAMENTO, ID_LABORATORIO) VALUES (98,21);
INSERT INTO BDD1_LABORATO_X_MEDICA(ID_MEDICAMENTO, ID_LABORATORIO) VALUES (103,28);
INSERT INTO BDD1_LABORATO_X_MEDICA(ID_MEDICAMENTO, ID_LABORATORIO) VALUES (107,13);
INSERT INTO BDD1_LABORATO_X_MEDICA(ID_MEDICAMENTO, ID_LABORATORIO) VALUES (112,36);
INSERT INTO BDD1_LABORATO_X_MEDICA(ID_MEDICAMENTO, ID_LABORATORIO) VALUES (114,39);
INSERT INTO BDD1_LABORATO_X_MEDICA(ID_MEDICAMENTO, ID_LABORATORIO) VALUES (115,6);
INSERT INTO BDD1_LABORATO_X_MEDICA(ID_MEDICAMENTO, ID_LABORATORIO) VALUES (116,1);
INSERT INTO BDD1_LABORATO_X_MEDICA(ID_MEDICAMENTO, ID_LABORATORIO) VALUES (119,8);
INSERT INTO BDD1_LABORATO_X_MEDICA(ID_MEDICAMENTO, ID_LABORATORIO) VALUES (120,21);
INSERT INTO BDD1_LABORATO_X_MEDICA(ID_MEDICAMENTO, ID_LABORATORIO) VALUES (121,33);
INSERT INTO BDD1_LABORATO_X_MEDICA(ID_MEDICAMENTO, ID_LABORATORIO) VALUES (122,37);
INSERT INTO BDD1_LABORATO_X_MEDICA(ID_MEDICAMENTO, ID_LABORATORIO) VALUES (126,34);
INSERT INTO BDD1_LABORATO_X_MEDICA(ID_MEDICAMENTO, ID_LABORATORIO) VALUES (127,28);
INSERT INTO BDD1_LABORATO_X_MEDICA(ID_MEDICAMENTO, ID_LABORATORIO) VALUES (128,35);
INSERT INTO BDD1_LABORATO_X_MEDICA(ID_MEDICAMENTO, ID_LABORATORIO) VALUES (134,20);
INSERT INTO BDD1_LABORATO_X_MEDICA(ID_MEDICAMENTO, ID_LABORATORIO) VALUES (136,20);
INSERT INTO BDD1_LABORATO_X_MEDICA(ID_MEDICAMENTO, ID_LABORATORIO) VALUES (137,12);
INSERT INTO BDD1_LABORATO_X_MEDICA(ID_MEDICAMENTO, ID_LABORATORIO) VALUES (138,25);
INSERT INTO BDD1_LABORATO_X_MEDICA(ID_MEDICAMENTO, ID_LABORATORIO) VALUES (143,4);
INSERT INTO BDD1_LABORATO_X_MEDICA(ID_MEDICAMENTO, ID_LABORATORIO) VALUES (148,22);
INSERT INTO BDD1_LABORATO_X_MEDICA(ID_MEDICAMENTO, ID_LABORATORIO) VALUES (161,18);
INSERT INTO BDD1_LABORATO_X_MEDICA(ID_MEDICAMENTO, ID_LABORATORIO) VALUES (167,12);
INSERT INTO BDD1_LABORATO_X_MEDICA(ID_MEDICAMENTO, ID_LABORATORIO) VALUES (169,19);
INSERT INTO BDD1_LABORATO_X_MEDICA(ID_MEDICAMENTO, ID_LABORATORIO) VALUES (170,13);
INSERT INTO BDD1_LABORATO_X_MEDICA(ID_MEDICAMENTO, ID_LABORATORIO) VALUES (171,23);
INSERT INTO BDD1_LABORATO_X_MEDICA(ID_MEDICAMENTO, ID_LABORATORIO) VALUES (174,15);
INSERT INTO BDD1_LABORATO_X_MEDICA(ID_MEDICAMENTO, ID_LABORATORIO) VALUES (175,33);
INSERT INTO BDD1_LABORATO_X_MEDICA(ID_MEDICAMENTO, ID_LABORATORIO) VALUES (184,7);
INSERT INTO BDD1_LABORATO_X_MEDICA(ID_MEDICAMENTO, ID_LABORATORIO) VALUES (184,9);
INSERT INTO BDD1_LABORATO_X_MEDICA(ID_MEDICAMENTO, ID_LABORATORIO) VALUES (189,10);


-- BDD1_INVENTARIO

INSERT INTO BDD1_INVENTARIO VALUES (3,172,75);
INSERT INTO BDD1_INVENTARIO VALUES (6,143,63);
INSERT INTO BDD1_INVENTARIO VALUES (8,35,46);
INSERT INTO BDD1_INVENTARIO VALUES (10,112,31);
INSERT INTO BDD1_INVENTARIO VALUES (8,57,34);
INSERT INTO BDD1_INVENTARIO VALUES (6,33,62);
INSERT INTO BDD1_INVENTARIO VALUES (7,3,19);
INSERT INTO BDD1_INVENTARIO VALUES (4,171,27);
INSERT INTO BDD1_INVENTARIO VALUES (3,30,23);
INSERT INTO BDD1_INVENTARIO VALUES (1,114,27);
INSERT INTO BDD1_INVENTARIO VALUES (2,68,74);
INSERT INTO BDD1_INVENTARIO VALUES (3,51,24);
INSERT INTO BDD1_INVENTARIO VALUES (5,130,68);
INSERT INTO BDD1_INVENTARIO VALUES (6,159,34);
INSERT INTO BDD1_INVENTARIO VALUES (6,155,11);
INSERT INTO BDD1_INVENTARIO VALUES (6,181,71);
INSERT INTO BDD1_INVENTARIO VALUES (8,91,28);
INSERT INTO BDD1_INVENTARIO VALUES (8,192,55);
INSERT INTO BDD1_INVENTARIO VALUES (7,92,34);
INSERT INTO BDD1_INVENTARIO VALUES (4,45,20);
INSERT INTO BDD1_INVENTARIO VALUES (5,92,32);
INSERT INTO BDD1_INVENTARIO VALUES (3,21,36);
INSERT INTO BDD1_INVENTARIO VALUES (4,116,44);
INSERT INTO BDD1_INVENTARIO VALUES (7,137,16);
INSERT INTO BDD1_INVENTARIO VALUES (2,17,44);
INSERT INTO BDD1_INVENTARIO VALUES (3,131,73);
INSERT INTO BDD1_INVENTARIO VALUES (2,178,29);
INSERT INTO BDD1_INVENTARIO VALUES (5,166,46);
INSERT INTO BDD1_INVENTARIO VALUES (3,135,33);
INSERT INTO BDD1_INVENTARIO VALUES (10,154,59);
INSERT INTO BDD1_INVENTARIO VALUES (4,43,40);
INSERT INTO BDD1_INVENTARIO VALUES (10,36,41);
INSERT INTO BDD1_INVENTARIO VALUES (4,121,52);
INSERT INTO BDD1_INVENTARIO VALUES (9,108,75);
INSERT INTO BDD1_INVENTARIO VALUES (10,179,66);
INSERT INTO BDD1_INVENTARIO VALUES (5,46,70);
INSERT INTO BDD1_INVENTARIO VALUES (8,197,32);
INSERT INTO BDD1_INVENTARIO VALUES (4,62,70);
INSERT INTO BDD1_INVENTARIO VALUES (9,35,69);
INSERT INTO BDD1_INVENTARIO VALUES (3,115,17);
INSERT INTO BDD1_INVENTARIO VALUES (8,147,62);
INSERT INTO BDD1_INVENTARIO VALUES (10,108,39);
INSERT INTO BDD1_INVENTARIO VALUES (7,18,58);
INSERT INTO BDD1_INVENTARIO VALUES (4,19,17);
INSERT INTO BDD1_INVENTARIO VALUES (2,12,24);
INSERT INTO BDD1_INVENTARIO VALUES (6,93,55);
INSERT INTO BDD1_INVENTARIO VALUES (6,148,11);
INSERT INTO BDD1_INVENTARIO VALUES (7,132,72);
INSERT INTO BDD1_INVENTARIO VALUES (9,80,19);
INSERT INTO BDD1_INVENTARIO VALUES (2,61,31);
INSERT INTO BDD1_INVENTARIO VALUES (2,146,21);
INSERT INTO BDD1_INVENTARIO VALUES (3,110,29);
INSERT INTO BDD1_INVENTARIO VALUES (10,150,21);
INSERT INTO BDD1_INVENTARIO VALUES (10,170,67);
INSERT INTO BDD1_INVENTARIO VALUES (3,39,38);
INSERT INTO BDD1_INVENTARIO VALUES (8,36,37);
INSERT INTO BDD1_INVENTARIO VALUES (9,13,16);
INSERT INTO BDD1_INVENTARIO VALUES (1,117,36);
INSERT INTO BDD1_INVENTARIO VALUES (8,7,31);
INSERT INTO BDD1_INVENTARIO VALUES (6,153,71);
INSERT INTO BDD1_INVENTARIO VALUES (9,8,57);
INSERT INTO BDD1_INVENTARIO VALUES (10,17,13);
INSERT INTO BDD1_INVENTARIO VALUES (7,120,66);
INSERT INTO BDD1_INVENTARIO VALUES (3,46,39);
INSERT INTO BDD1_INVENTARIO VALUES (5,33,50);
INSERT INTO BDD1_INVENTARIO VALUES (10,38,54);
INSERT INTO BDD1_INVENTARIO VALUES (4,194,55);
INSERT INTO BDD1_INVENTARIO VALUES (5,184,50);
INSERT INTO BDD1_INVENTARIO VALUES (2,173,72);
INSERT INTO BDD1_INVENTARIO VALUES (10,3,59);
INSERT INTO BDD1_INVENTARIO VALUES (5,170,75);
INSERT INTO BDD1_INVENTARIO VALUES (8,119,53);
INSERT INTO BDD1_INVENTARIO VALUES (2,53,57);
INSERT INTO BDD1_INVENTARIO VALUES (9,199,40);
INSERT INTO BDD1_INVENTARIO VALUES (6,168,11);
INSERT INTO BDD1_INVENTARIO VALUES (2,77,60);
INSERT INTO BDD1_INVENTARIO VALUES (3,129,75);
INSERT INTO BDD1_INVENTARIO VALUES (2,50,50);
INSERT INTO BDD1_INVENTARIO VALUES (5,39,23);
INSERT INTO BDD1_INVENTARIO VALUES (10,124,72);
INSERT INTO BDD1_INVENTARIO VALUES (4,195,47);
INSERT INTO BDD1_INVENTARIO VALUES (4,4,11);
INSERT INTO BDD1_INVENTARIO VALUES (9,77,40);
INSERT INTO BDD1_INVENTARIO VALUES (9,69,50);
INSERT INTO BDD1_INVENTARIO VALUES (4,146,10);
INSERT INTO BDD1_INVENTARIO VALUES (9,172,51);
INSERT INTO BDD1_INVENTARIO VALUES (6,70,14);
INSERT INTO BDD1_INVENTARIO VALUES (1,167,70);
INSERT INTO BDD1_INVENTARIO VALUES (9,48,61);
INSERT INTO BDD1_INVENTARIO VALUES (7,31,36);
INSERT INTO BDD1_INVENTARIO VALUES (9,36,11);
INSERT INTO BDD1_INVENTARIO VALUES (8,178,49);
INSERT INTO BDD1_INVENTARIO VALUES (4,92,63);
INSERT INTO BDD1_INVENTARIO VALUES (10,70,52);
INSERT INTO BDD1_INVENTARIO VALUES (5,113,68);
INSERT INTO BDD1_INVENTARIO VALUES (4,182,15);
INSERT INTO BDD1_INVENTARIO VALUES (6,176,72);
INSERT INTO BDD1_INVENTARIO VALUES (2,165,29);
INSERT INTO BDD1_INVENTARIO VALUES (7,186,31);
INSERT INTO BDD1_INVENTARIO VALUES (6,76,28);
INSERT INTO BDD1_INVENTARIO VALUES (4,90,12);
INSERT INTO BDD1_INVENTARIO VALUES (5,96,68);
INSERT INTO BDD1_INVENTARIO VALUES (4,20,27);
INSERT INTO BDD1_INVENTARIO VALUES (6,1,44);
INSERT INTO BDD1_INVENTARIO VALUES (6,157,16);
INSERT INTO BDD1_INVENTARIO VALUES (10,96,65);
INSERT INTO BDD1_INVENTARIO VALUES (4,128,49);
INSERT INTO BDD1_INVENTARIO VALUES (1,90,73);
INSERT INTO BDD1_INVENTARIO VALUES (2,152,44);
INSERT INTO BDD1_INVENTARIO VALUES (9,21,32);
INSERT INTO BDD1_INVENTARIO VALUES (4,67,73);
INSERT INTO BDD1_INVENTARIO VALUES (10,7,24);
INSERT INTO BDD1_INVENTARIO VALUES (6,113,66);
INSERT INTO BDD1_INVENTARIO VALUES (8,131,16);
INSERT INTO BDD1_INVENTARIO VALUES (1,72,57);
INSERT INTO BDD1_INVENTARIO VALUES (7,114,70);
INSERT INTO BDD1_INVENTARIO VALUES (5,176,19);
INSERT INTO BDD1_INVENTARIO VALUES (2,179,75);
INSERT INTO BDD1_INVENTARIO VALUES (8,70,16);
INSERT INTO BDD1_INVENTARIO VALUES (9,49,21);
INSERT INTO BDD1_INVENTARIO VALUES (4,164,45);
INSERT INTO BDD1_INVENTARIO VALUES (1,92,70);
INSERT INTO BDD1_INVENTARIO VALUES (7,196,67);
INSERT INTO BDD1_INVENTARIO VALUES (7,165,28);
INSERT INTO BDD1_INVENTARIO VALUES (6,172,29);
INSERT INTO BDD1_INVENTARIO VALUES (10,1,71);
INSERT INTO BDD1_INVENTARIO VALUES (5,53,24);
INSERT INTO BDD1_INVENTARIO VALUES (4,173,60);
INSERT INTO BDD1_INVENTARIO VALUES (1,37,73);
INSERT INTO BDD1_INVENTARIO VALUES (3,111,12);
INSERT INTO BDD1_INVENTARIO VALUES (3,38,19);
INSERT INTO BDD1_INVENTARIO VALUES (1,76,63);
INSERT INTO BDD1_INVENTARIO VALUES (7,43,65);
INSERT INTO BDD1_INVENTARIO VALUES (2,143,24);
INSERT INTO BDD1_INVENTARIO VALUES (6,125,56);
INSERT INTO BDD1_INVENTARIO VALUES (2,190,32);
INSERT INTO BDD1_INVENTARIO VALUES (7,102,36);
INSERT INTO BDD1_INVENTARIO VALUES (10,193,47);
INSERT INTO BDD1_INVENTARIO VALUES (8,94,68);
INSERT INTO BDD1_INVENTARIO VALUES (6,88,61);
INSERT INTO BDD1_INVENTARIO VALUES (9,43,44);
INSERT INTO BDD1_INVENTARIO VALUES (1,65,28);
INSERT INTO BDD1_INVENTARIO VALUES (1,102,14);
INSERT INTO BDD1_INVENTARIO VALUES (6,177,57);
INSERT INTO BDD1_INVENTARIO VALUES (8,195,45);
INSERT INTO BDD1_INVENTARIO VALUES (8,133,14);
INSERT INTO BDD1_INVENTARIO VALUES (3,141,74);
INSERT INTO BDD1_INVENTARIO VALUES (7,28,74);
INSERT INTO BDD1_INVENTARIO VALUES (7,194,52);
INSERT INTO BDD1_INVENTARIO VALUES (5,143,30);
INSERT INTO BDD1_INVENTARIO VALUES (1,160,30);
INSERT INTO BDD1_INVENTARIO VALUES (10,153,54);
INSERT INTO BDD1_INVENTARIO VALUES (4,1,37);
INSERT INTO BDD1_INVENTARIO VALUES (7,103,56);
INSERT INTO BDD1_INVENTARIO VALUES (6,200,27);
INSERT INTO BDD1_INVENTARIO VALUES (10,156,68);
INSERT INTO BDD1_INVENTARIO VALUES (10,126,73);
INSERT INTO BDD1_INVENTARIO VALUES (8,171,67);
INSERT INTO BDD1_INVENTARIO VALUES (6,72,17);
INSERT INTO BDD1_INVENTARIO VALUES (3,32,28);
INSERT INTO BDD1_INVENTARIO VALUES (3,26,74);
INSERT INTO BDD1_INVENTARIO VALUES (4,138,69);
INSERT INTO BDD1_INVENTARIO VALUES (6,21,48);
INSERT INTO BDD1_INVENTARIO VALUES (6,8,18);
INSERT INTO BDD1_INVENTARIO VALUES (6,151,15);
INSERT INTO BDD1_INVENTARIO VALUES (2,3,32);
INSERT INTO BDD1_INVENTARIO VALUES (4,109,62);
INSERT INTO BDD1_INVENTARIO VALUES (7,83,56);
INSERT INTO BDD1_INVENTARIO VALUES (4,159,54);
INSERT INTO BDD1_INVENTARIO VALUES (7,123,24);
INSERT INTO BDD1_INVENTARIO VALUES (3,148,22);
INSERT INTO BDD1_INVENTARIO VALUES (7,34,60);
INSERT INTO BDD1_INVENTARIO VALUES (6,4,24);
INSERT INTO BDD1_INVENTARIO VALUES (9,154,54);
INSERT INTO BDD1_INVENTARIO VALUES (4,112,16);
INSERT INTO BDD1_INVENTARIO VALUES (5,140,56);
INSERT INTO BDD1_INVENTARIO VALUES (10,129,68);
INSERT INTO BDD1_INVENTARIO VALUES (5,95,17);
INSERT INTO BDD1_INVENTARIO VALUES (5,26,48);
INSERT INTO BDD1_INVENTARIO VALUES (4,58,45);
INSERT INTO BDD1_INVENTARIO VALUES (3,62,46);
INSERT INTO BDD1_INVENTARIO VALUES (6,122,72);
INSERT INTO BDD1_INVENTARIO VALUES (8,44,51);
INSERT INTO BDD1_INVENTARIO VALUES (6,161,67);
INSERT INTO BDD1_INVENTARIO VALUES (4,177,17);
INSERT INTO BDD1_INVENTARIO VALUES (5,74,70);
INSERT INTO BDD1_INVENTARIO VALUES (10,63,67);
INSERT INTO BDD1_INVENTARIO VALUES (5,50,13);
INSERT INTO BDD1_INVENTARIO VALUES (5,162,41);
INSERT INTO BDD1_INVENTARIO VALUES (5,77,28);
INSERT INTO BDD1_INVENTARIO VALUES (8,137,32);
INSERT INTO BDD1_INVENTARIO VALUES (8,121,17);
INSERT INTO BDD1_INVENTARIO VALUES (10,16,51);
INSERT INTO BDD1_INVENTARIO VALUES (6,166,10);
INSERT INTO BDD1_INVENTARIO VALUES (5,62,25);
INSERT INTO BDD1_INVENTARIO VALUES (9,175,57);
INSERT INTO BDD1_INVENTARIO VALUES (7,134,14);
INSERT INTO BDD1_INVENTARIO VALUES (3,159,31);
INSERT INTO BDD1_INVENTARIO VALUES (8,11,45);
INSERT INTO BDD1_INVENTARIO VALUES (9,122,38);
INSERT INTO BDD1_INVENTARIO VALUES (2,120,35);
INSERT INTO BDD1_INVENTARIO VALUES (3,198,39);
INSERT INTO BDD1_INVENTARIO VALUES (9,191,49);
INSERT INTO BDD1_INVENTARIO VALUES (9,180,52);
INSERT INTO BDD1_INVENTARIO VALUES (7,118,70);
INSERT INTO BDD1_INVENTARIO VALUES (2,189,68);
INSERT INTO BDD1_INVENTARIO VALUES (9,67,65);
INSERT INTO BDD1_INVENTARIO VALUES (2,181,16);
INSERT INTO BDD1_INVENTARIO VALUES (4,47,35);
INSERT INTO BDD1_INVENTARIO VALUES (6,10,62);
INSERT INTO BDD1_INVENTARIO VALUES (2,172,30);
INSERT INTO BDD1_INVENTARIO VALUES (8,173,72);
INSERT INTO BDD1_INVENTARIO VALUES (5,137,32);
INSERT INTO BDD1_INVENTARIO VALUES (6,164,25);
INSERT INTO BDD1_INVENTARIO VALUES (5,142,31);
INSERT INTO BDD1_INVENTARIO VALUES (1,172,44);
INSERT INTO BDD1_INVENTARIO VALUES (9,192,59);
INSERT INTO BDD1_INVENTARIO VALUES (7,179,29);
INSERT INTO BDD1_INVENTARIO VALUES (3,94,28);
INSERT INTO BDD1_INVENTARIO VALUES (2,24,20);
INSERT INTO BDD1_INVENTARIO VALUES (2,98,26);
INSERT INTO BDD1_INVENTARIO VALUES (6,116,75);
INSERT INTO BDD1_INVENTARIO VALUES (8,144,55);
INSERT INTO BDD1_INVENTARIO VALUES (8,68,60);
INSERT INTO BDD1_INVENTARIO VALUES (2,30,58);
INSERT INTO BDD1_INVENTARIO VALUES (10,125,62);
INSERT INTO BDD1_INVENTARIO VALUES (4,111,29);
INSERT INTO BDD1_INVENTARIO VALUES (1,132,14);
INSERT INTO BDD1_INVENTARIO VALUES (2,64,66);
INSERT INTO BDD1_INVENTARIO VALUES (9,123,75);
INSERT INTO BDD1_INVENTARIO VALUES (7,80,49);
INSERT INTO BDD1_INVENTARIO VALUES (5,136,29);
INSERT INTO BDD1_INVENTARIO VALUES (5,156,31);
INSERT INTO BDD1_INVENTARIO VALUES (6,16,72);
INSERT INTO BDD1_INVENTARIO VALUES (4,143,58);
INSERT INTO BDD1_INVENTARIO VALUES (8,182,44);
INSERT INTO BDD1_INVENTARIO VALUES (3,49,25);
INSERT INTO BDD1_INVENTARIO VALUES (8,38,52);
INSERT INTO BDD1_INVENTARIO VALUES (6,13,46);
INSERT INTO BDD1_INVENTARIO VALUES (8,12,60);
INSERT INTO BDD1_INVENTARIO VALUES (1,112,43);
INSERT INTO BDD1_INVENTARIO VALUES (8,157,64);
INSERT INTO BDD1_INVENTARIO VALUES (5,58,44);
INSERT INTO BDD1_INVENTARIO VALUES (4,166,19);
INSERT INTO BDD1_INVENTARIO VALUES (9,165,40);
INSERT INTO BDD1_INVENTARIO VALUES (6,14,37);
INSERT INTO BDD1_INVENTARIO VALUES (9,53,10);
INSERT INTO BDD1_INVENTARIO VALUES (2,36,53);
INSERT INTO BDD1_INVENTARIO VALUES (8,87,38);
INSERT INTO BDD1_INVENTARIO VALUES (10,169,65);
INSERT INTO BDD1_INVENTARIO VALUES (7,176,10);
INSERT INTO BDD1_INVENTARIO VALUES (6,43,65);
INSERT INTO BDD1_INVENTARIO VALUES (9,64,48);
INSERT INTO BDD1_INVENTARIO VALUES (2,52,11);
INSERT INTO BDD1_INVENTARIO VALUES (9,103,42);
INSERT INTO BDD1_INVENTARIO VALUES (3,143,63);
INSERT INTO BDD1_INVENTARIO VALUES (8,187,30);
INSERT INTO BDD1_INVENTARIO VALUES (2,22,39);
INSERT INTO BDD1_INVENTARIO VALUES (9,88,42);
INSERT INTO BDD1_INVENTARIO VALUES (9,117,51);
INSERT INTO BDD1_INVENTARIO VALUES (2,46,14);
INSERT INTO BDD1_INVENTARIO VALUES (2,90,53);
INSERT INTO BDD1_INVENTARIO VALUES (10,74,55);
INSERT INTO BDD1_INVENTARIO VALUES (1,185,75);
INSERT INTO BDD1_INVENTARIO VALUES (3,200,48);
INSERT INTO BDD1_INVENTARIO VALUES (8,66,58);
INSERT INTO BDD1_INVENTARIO VALUES (4,110,19);
INSERT INTO BDD1_INVENTARIO VALUES (2,74,21);
INSERT INTO BDD1_INVENTARIO VALUES (10,134,22);
INSERT INTO BDD1_INVENTARIO VALUES (8,155,55);
INSERT INTO BDD1_INVENTARIO VALUES (2,73,69);
INSERT INTO BDD1_INVENTARIO VALUES (5,1,72);
INSERT INTO BDD1_INVENTARIO VALUES (8,15,56);
INSERT INTO BDD1_INVENTARIO VALUES (4,190,17);
INSERT INTO BDD1_INVENTARIO VALUES (7,73,40);
INSERT INTO BDD1_INVENTARIO VALUES (8,186,13);
INSERT INTO BDD1_INVENTARIO VALUES (9,106,20);
INSERT INTO BDD1_INVENTARIO VALUES (8,158,46);
INSERT INTO BDD1_INVENTARIO VALUES (7,57,16);
INSERT INTO BDD1_INVENTARIO VALUES (6,81,31);
INSERT INTO BDD1_INVENTARIO VALUES (6,89,11);
INSERT INTO BDD1_INVENTARIO VALUES (8,13,27);
INSERT INTO BDD1_INVENTARIO VALUES (9,54,14);
INSERT INTO BDD1_INVENTARIO VALUES (1,134,54);
INSERT INTO BDD1_INVENTARIO VALUES (4,115,51);
INSERT INTO BDD1_INVENTARIO VALUES (7,62,46);
INSERT INTO BDD1_INVENTARIO VALUES (9,16,60);
INSERT INTO BDD1_INVENTARIO VALUES (5,198,65);
INSERT INTO BDD1_INVENTARIO VALUES (4,139,53);
INSERT INTO BDD1_INVENTARIO VALUES (3,60,58);
INSERT INTO BDD1_INVENTARIO VALUES (5,97,23);
INSERT INTO BDD1_INVENTARIO VALUES (6,175,47);
INSERT INTO BDD1_INVENTARIO VALUES (10,24,30);
INSERT INTO BDD1_INVENTARIO VALUES (7,61,29);
INSERT INTO BDD1_INVENTARIO VALUES (6,68,12);
INSERT INTO BDD1_INVENTARIO VALUES (4,167,32);
INSERT INTO BDD1_INVENTARIO VALUES (5,102,17);
INSERT INTO BDD1_INVENTARIO VALUES (10,190,11);
INSERT INTO BDD1_INVENTARIO VALUES (5,163,25);
INSERT INTO BDD1_INVENTARIO VALUES (2,51,67);
INSERT INTO BDD1_INVENTARIO VALUES (4,170,15);
INSERT INTO BDD1_INVENTARIO VALUES (5,101,62);
INSERT INTO BDD1_INVENTARIO VALUES (7,101,71);
INSERT INTO BDD1_INVENTARIO VALUES (5,19,25);
INSERT INTO BDD1_INVENTARIO VALUES (3,57,44);
INSERT INTO BDD1_INVENTARIO VALUES (8,28,19);
INSERT INTO BDD1_INVENTARIO VALUES (7,174,64);
INSERT INTO BDD1_INVENTARIO VALUES (3,130,46);
INSERT INTO BDD1_INVENTARIO VALUES (10,200,57);
INSERT INTO BDD1_INVENTARIO VALUES (9,136,16);
INSERT INTO BDD1_INVENTARIO VALUES (1,173,39);
INSERT INTO BDD1_INVENTARIO VALUES (6,114,29);
INSERT INTO BDD1_INVENTARIO VALUES (7,125,19);
INSERT INTO BDD1_INVENTARIO VALUES (6,185,53);
INSERT INTO BDD1_INVENTARIO VALUES (4,152,58);
INSERT INTO BDD1_INVENTARIO VALUES (1,88,73);
INSERT INTO BDD1_INVENTARIO VALUES (8,54,36);
INSERT INTO BDD1_INVENTARIO VALUES (5,70,46);
INSERT INTO BDD1_INVENTARIO VALUES (7,184,27);
INSERT INTO BDD1_INVENTARIO VALUES (6,42,62);
INSERT INTO BDD1_INVENTARIO VALUES (6,189,72);
INSERT INTO BDD1_INVENTARIO VALUES (3,92,14);
INSERT INTO BDD1_INVENTARIO VALUES (6,36,69);
INSERT INTO BDD1_INVENTARIO VALUES (2,137,36);
INSERT INTO BDD1_INVENTARIO VALUES (6,74,47);
INSERT INTO BDD1_INVENTARIO VALUES (5,121,72);
INSERT INTO BDD1_INVENTARIO VALUES (8,101,19);
INSERT INTO BDD1_INVENTARIO VALUES (7,140,44);
INSERT INTO BDD1_INVENTARIO VALUES (10,155,66);
INSERT INTO BDD1_INVENTARIO VALUES (10,55,19);
INSERT INTO BDD1_INVENTARIO VALUES (9,197,18);
INSERT INTO BDD1_INVENTARIO VALUES (2,82,42);
INSERT INTO BDD1_INVENTARIO VALUES (6,165,25);
INSERT INTO BDD1_INVENTARIO VALUES (8,29,52);
INSERT INTO BDD1_INVENTARIO VALUES (10,19,14);
INSERT INTO BDD1_INVENTARIO VALUES (2,1,53);
INSERT INTO BDD1_INVENTARIO VALUES (3,139,21);
INSERT INTO BDD1_INVENTARIO VALUES (1,63,49);
INSERT INTO BDD1_INVENTARIO VALUES (9,98,63);
INSERT INTO BDD1_INVENTARIO VALUES (1,141,34);
INSERT INTO BDD1_INVENTARIO VALUES (10,52,74);
INSERT INTO BDD1_INVENTARIO VALUES (10,177,44);
INSERT INTO BDD1_INVENTARIO VALUES (10,20,14);
INSERT INTO BDD1_INVENTARIO VALUES (7,19,66);
INSERT INTO BDD1_INVENTARIO VALUES (10,175,22);
INSERT INTO BDD1_INVENTARIO VALUES (10,174,71);
INSERT INTO BDD1_INVENTARIO VALUES (4,42,42);
INSERT INTO BDD1_INVENTARIO VALUES (10,78,30);
INSERT INTO BDD1_INVENTARIO VALUES (2,180,29);
INSERT INTO BDD1_INVENTARIO VALUES (6,46,13);
INSERT INTO BDD1_INVENTARIO VALUES (4,39,44);
INSERT INTO BDD1_INVENTARIO VALUES (4,65,13);
INSERT INTO BDD1_INVENTARIO VALUES (3,132,68);
INSERT INTO BDD1_INVENTARIO VALUES (7,166,63);
INSERT INTO BDD1_INVENTARIO VALUES (6,156,30);
INSERT INTO BDD1_INVENTARIO VALUES (10,27,73);
INSERT INTO BDD1_INVENTARIO VALUES (4,106,20);
INSERT INTO BDD1_INVENTARIO VALUES (5,155,38);
INSERT INTO BDD1_INVENTARIO VALUES (9,127,40);
INSERT INTO BDD1_INVENTARIO VALUES (10,9,71);
INSERT INTO BDD1_INVENTARIO VALUES (8,185,68);
INSERT INTO BDD1_INVENTARIO VALUES (7,104,55);
INSERT INTO BDD1_INVENTARIO VALUES (2,164,44);
INSERT INTO BDD1_INVENTARIO VALUES (5,38,24);
INSERT INTO BDD1_INVENTARIO VALUES (5,83,67);
INSERT INTO BDD1_INVENTARIO VALUES (5,188,71);
INSERT INTO BDD1_INVENTARIO VALUES (6,144,54);
INSERT INTO BDD1_INVENTARIO VALUES (9,185,64);
INSERT INTO BDD1_INVENTARIO VALUES (9,102,43);
INSERT INTO BDD1_INVENTARIO VALUES (2,93,18);
INSERT INTO BDD1_INVENTARIO VALUES (3,168,69);
INSERT INTO BDD1_INVENTARIO VALUES (10,191,22);
INSERT INTO BDD1_INVENTARIO VALUES (9,83,21);
INSERT INTO BDD1_INVENTARIO VALUES (3,150,24);
INSERT INTO BDD1_INVENTARIO VALUES (9,182,44);
INSERT INTO BDD1_INVENTARIO VALUES (5,67,26);
INSERT INTO BDD1_INVENTARIO VALUES (4,183,40);
INSERT INTO BDD1_INVENTARIO VALUES (7,192,13);
INSERT INTO BDD1_INVENTARIO VALUES (10,40,34);
INSERT INTO BDD1_INVENTARIO VALUES (10,133,26);
INSERT INTO BDD1_INVENTARIO VALUES (2,153,21);
INSERT INTO BDD1_INVENTARIO VALUES (5,160,56);
INSERT INTO BDD1_INVENTARIO VALUES (10,56,25);
INSERT INTO BDD1_INVENTARIO VALUES (8,145,48);
INSERT INTO BDD1_INVENTARIO VALUES (7,90,55);
INSERT INTO BDD1_INVENTARIO VALUES (9,9,69);
INSERT INTO BDD1_INVENTARIO VALUES (3,12,13);
INSERT INTO BDD1_INVENTARIO VALUES (3,133,32);
INSERT INTO BDD1_INVENTARIO VALUES (7,185,63);
INSERT INTO BDD1_INVENTARIO VALUES (1,4,43);
INSERT INTO BDD1_INVENTARIO VALUES (10,147,15);
INSERT INTO BDD1_INVENTARIO VALUES (3,56,39);
INSERT INTO BDD1_INVENTARIO VALUES (1,29,40);
INSERT INTO BDD1_INVENTARIO VALUES (9,101,75);
INSERT INTO BDD1_INVENTARIO VALUES (7,164,50);
INSERT INTO BDD1_INVENTARIO VALUES (1,135,27);
INSERT INTO BDD1_INVENTARIO VALUES (3,178,59);
INSERT INTO BDD1_INVENTARIO VALUES (2,8,49);
INSERT INTO BDD1_INVENTARIO VALUES (7,97,29);
INSERT INTO BDD1_INVENTARIO VALUES (9,34,48);
INSERT INTO BDD1_INVENTARIO VALUES (6,112,57);
INSERT INTO BDD1_INVENTARIO VALUES (2,88,51);
INSERT INTO BDD1_INVENTARIO VALUES (7,70,12);
INSERT INTO BDD1_INVENTARIO VALUES (7,33,55);
INSERT INTO BDD1_INVENTARIO VALUES (5,152,23);
INSERT INTO BDD1_INVENTARIO VALUES (10,171,75);
INSERT INTO BDD1_INVENTARIO VALUES (4,180,47);
INSERT INTO BDD1_INVENTARIO VALUES (3,96,27);
INSERT INTO BDD1_INVENTARIO VALUES (3,137,44);
INSERT INTO BDD1_INVENTARIO VALUES (3,65,59);
INSERT INTO BDD1_INVENTARIO VALUES (9,75,37);
INSERT INTO BDD1_INVENTARIO VALUES (1,136,69);
INSERT INTO BDD1_INVENTARIO VALUES (1,107,31);
INSERT INTO BDD1_INVENTARIO VALUES (4,33,74);
INSERT INTO BDD1_INVENTARIO VALUES (10,41,65);
INSERT INTO BDD1_INVENTARIO VALUES (4,129,22);
INSERT INTO BDD1_INVENTARIO VALUES (2,81,49);
INSERT INTO BDD1_INVENTARIO VALUES (1,126,70);
INSERT INTO BDD1_INVENTARIO VALUES (3,66,13);
INSERT INTO BDD1_INVENTARIO VALUES (8,47,26);
INSERT INTO BDD1_INVENTARIO VALUES (7,116,16);
INSERT INTO BDD1_INVENTARIO VALUES (4,193,71);
INSERT INTO BDD1_INVENTARIO VALUES (9,114,32);
INSERT INTO BDD1_INVENTARIO VALUES (9,93,39);
INSERT INTO BDD1_INVENTARIO VALUES (4,185,59);
INSERT INTO BDD1_INVENTARIO VALUES (4,31,60);
INSERT INTO BDD1_INVENTARIO VALUES (7,154,29);
INSERT INTO BDD1_INVENTARIO VALUES (2,15,75);
INSERT INTO BDD1_INVENTARIO VALUES (1,179,56);
INSERT INTO BDD1_INVENTARIO VALUES (9,137,47);
INSERT INTO BDD1_INVENTARIO VALUES (7,136,73);
INSERT INTO BDD1_INVENTARIO VALUES (1,168,34);
INSERT INTO BDD1_INVENTARIO VALUES (8,80,61);
INSERT INTO BDD1_INVENTARIO VALUES (6,102,12);
INSERT INTO BDD1_INVENTARIO VALUES (9,19,36);
INSERT INTO BDD1_INVENTARIO VALUES (1,121,32);
INSERT INTO BDD1_INVENTARIO VALUES (4,151,15);
INSERT INTO BDD1_INVENTARIO VALUES (7,151,68);
INSERT INTO BDD1_INVENTARIO VALUES (7,143,19);
INSERT INTO BDD1_INVENTARIO VALUES (5,29,33);
INSERT INTO BDD1_INVENTARIO VALUES (7,100,68);
INSERT INTO BDD1_INVENTARIO VALUES (4,179,63);
INSERT INTO BDD1_INVENTARIO VALUES (6,47,43);
INSERT INTO BDD1_INVENTARIO VALUES (9,28,74);
INSERT INTO BDD1_INVENTARIO VALUES (9,87,36);
INSERT INTO BDD1_INVENTARIO VALUES (4,113,21);
INSERT INTO BDD1_INVENTARIO VALUES (8,165,46);
INSERT INTO BDD1_INVENTARIO VALUES (8,27,70);
INSERT INTO BDD1_INVENTARIO VALUES (5,31,71);
INSERT INTO BDD1_INVENTARIO VALUES (9,27,45);
INSERT INTO BDD1_INVENTARIO VALUES (9,79,73);
INSERT INTO BDD1_INVENTARIO VALUES (5,72,38);
INSERT INTO BDD1_INVENTARIO VALUES (5,43,73);
INSERT INTO BDD1_INVENTARIO VALUES (6,59,49);
INSERT INTO BDD1_INVENTARIO VALUES (5,73,22);
INSERT INTO BDD1_INVENTARIO VALUES (9,81,35);
INSERT INTO BDD1_INVENTARIO VALUES (8,111,52);
INSERT INTO BDD1_INVENTARIO VALUES (9,142,59);
INSERT INTO BDD1_INVENTARIO VALUES (7,59,35);
INSERT INTO BDD1_INVENTARIO VALUES (2,2,51);
INSERT INTO BDD1_INVENTARIO VALUES (6,62,38);
INSERT INTO BDD1_INVENTARIO VALUES (2,157,73);
INSERT INTO BDD1_INVENTARIO VALUES (5,7,56);
INSERT INTO BDD1_INVENTARIO VALUES (3,18,75);
INSERT INTO BDD1_INVENTARIO VALUES (10,62,26);
INSERT INTO BDD1_INVENTARIO VALUES (1,83,28);
INSERT INTO BDD1_INVENTARIO VALUES (10,93,31);
INSERT INTO BDD1_INVENTARIO VALUES (5,82,40);
INSERT INTO BDD1_INVENTARIO VALUES (4,136,25);
INSERT INTO BDD1_INVENTARIO VALUES (7,135,47);
INSERT INTO BDD1_INVENTARIO VALUES (5,88,56);
INSERT INTO BDD1_INVENTARIO VALUES (9,155,20);
INSERT INTO BDD1_INVENTARIO VALUES (3,119,60);
INSERT INTO BDD1_INVENTARIO VALUES (6,147,46);
INSERT INTO BDD1_INVENTARIO VALUES (1,129,17);
INSERT INTO BDD1_INVENTARIO VALUES (8,176,64);
INSERT INTO BDD1_INVENTARIO VALUES (8,64,17);
INSERT INTO BDD1_INVENTARIO VALUES (4,15,68);
INSERT INTO BDD1_INVENTARIO VALUES (7,109,71);
INSERT INTO BDD1_INVENTARIO VALUES (1,161,49);
INSERT INTO BDD1_INVENTARIO VALUES (10,115,21);
INSERT INTO BDD1_INVENTARIO VALUES (9,1,30);
INSERT INTO BDD1_INVENTARIO VALUES (4,40,54);
INSERT INTO BDD1_INVENTARIO VALUES (2,147,49);
INSERT INTO BDD1_INVENTARIO VALUES (1,20,10);
INSERT INTO BDD1_INVENTARIO VALUES (6,63,46);
INSERT INTO BDD1_INVENTARIO VALUES (5,168,16);
INSERT INTO BDD1_INVENTARIO VALUES (1,3,38);
INSERT INTO BDD1_INVENTARIO VALUES (3,149,62);
INSERT INTO BDD1_INVENTARIO VALUES (10,141,19);
INSERT INTO BDD1_INVENTARIO VALUES (6,198,10);
INSERT INTO BDD1_INVENTARIO VALUES (1,99,63);
INSERT INTO BDD1_INVENTARIO VALUES (4,85,20);
INSERT INTO BDD1_INVENTARIO VALUES (4,187,57);
INSERT INTO BDD1_INVENTARIO VALUES (9,148,23);
INSERT INTO BDD1_INVENTARIO VALUES (9,111,60);
INSERT INTO BDD1_INVENTARIO VALUES (10,25,17);
INSERT INTO BDD1_INVENTARIO VALUES (1,47,53);
INSERT INTO BDD1_INVENTARIO VALUES (9,189,12);
INSERT INTO BDD1_INVENTARIO VALUES (4,9,35);
INSERT INTO BDD1_INVENTARIO VALUES (7,127,51);
INSERT INTO BDD1_INVENTARIO VALUES (9,173,28);
INSERT INTO BDD1_INVENTARIO VALUES (3,114,49);
INSERT INTO BDD1_INVENTARIO VALUES (10,183,30);
INSERT INTO BDD1_INVENTARIO VALUES (4,134,43);
INSERT INTO BDD1_INVENTARIO VALUES (1,131,33);
INSERT INTO BDD1_INVENTARIO VALUES (4,96,54);
INSERT INTO BDD1_INVENTARIO VALUES (1,181,45);
INSERT INTO BDD1_INVENTARIO VALUES (9,190,49);
INSERT INTO BDD1_INVENTARIO VALUES (3,10,21);
INSERT INTO BDD1_INVENTARIO VALUES (7,58,11);
INSERT INTO BDD1_INVENTARIO VALUES (3,189,21);
INSERT INTO BDD1_INVENTARIO VALUES (6,83,32);
INSERT INTO BDD1_INVENTARIO VALUES (2,54,15);
INSERT INTO BDD1_INVENTARIO VALUES (10,180,63);
INSERT INTO BDD1_INVENTARIO VALUES (2,188,49);
INSERT INTO BDD1_INVENTARIO VALUES (6,27,19);
INSERT INTO BDD1_INVENTARIO VALUES (2,160,69);
INSERT INTO BDD1_INVENTARIO VALUES (1,78,37);
INSERT INTO BDD1_INVENTARIO VALUES (4,101,61);
INSERT INTO BDD1_INVENTARIO VALUES (7,32,40);
INSERT INTO BDD1_INVENTARIO VALUES (4,25,19);
INSERT INTO BDD1_INVENTARIO VALUES (2,37,28);
INSERT INTO BDD1_INVENTARIO VALUES (10,87,42);
INSERT INTO BDD1_INVENTARIO VALUES (5,193,72);
INSERT INTO BDD1_INVENTARIO VALUES (4,54,37);
INSERT INTO BDD1_INVENTARIO VALUES (7,129,61);
INSERT INTO BDD1_INVENTARIO VALUES (4,144,23);
INSERT INTO BDD1_INVENTARIO VALUES (5,56,49);
INSERT INTO BDD1_INVENTARIO VALUES (7,78,72);
INSERT INTO BDD1_INVENTARIO VALUES (5,178,40);
INSERT INTO BDD1_INVENTARIO VALUES (1,77,14);
INSERT INTO BDD1_INVENTARIO VALUES (8,24,52);
INSERT INTO BDD1_INVENTARIO VALUES (5,126,27);
INSERT INTO BDD1_INVENTARIO VALUES (3,184,39);
INSERT INTO BDD1_INVENTARIO VALUES (8,21,49);
INSERT INTO BDD1_INVENTARIO VALUES (8,179,52);
INSERT INTO BDD1_INVENTARIO VALUES (7,94,10);
INSERT INTO BDD1_INVENTARIO VALUES (5,128,63);
INSERT INTO BDD1_INVENTARIO VALUES (7,47,41);
INSERT INTO BDD1_INVENTARIO VALUES (3,17,48);
INSERT INTO BDD1_INVENTARIO VALUES (2,182,25);
INSERT INTO BDD1_INVENTARIO VALUES (2,99,19);
INSERT INTO BDD1_INVENTARIO VALUES (6,15,63);
INSERT INTO BDD1_INVENTARIO VALUES (5,141,69);
INSERT INTO BDD1_INVENTARIO VALUES (10,151,34);
INSERT INTO BDD1_INVENTARIO VALUES (8,198,66);
INSERT INTO BDD1_INVENTARIO VALUES (1,170,27);
INSERT INTO BDD1_INVENTARIO VALUES (4,198,60);
INSERT INTO BDD1_INVENTARIO VALUES (3,99,31);
INSERT INTO BDD1_INVENTARIO VALUES (9,44,36);
INSERT INTO BDD1_INVENTARIO VALUES (6,108,63);
INSERT INTO BDD1_INVENTARIO VALUES (3,88,49);
INSERT INTO BDD1_INVENTARIO VALUES (9,86,64);
INSERT INTO BDD1_INVENTARIO VALUES (4,184,44);
INSERT INTO BDD1_INVENTARIO VALUES (1,73,70);
INSERT INTO BDD1_INVENTARIO VALUES (8,138,59);
INSERT INTO BDD1_INVENTARIO VALUES (1,69,48);
INSERT INTO BDD1_INVENTARIO VALUES (4,28,14);
INSERT INTO BDD1_INVENTARIO VALUES (5,35,16);
INSERT INTO BDD1_INVENTARIO VALUES (3,97,41);
INSERT INTO BDD1_INVENTARIO VALUES (1,57,67);
INSERT INTO BDD1_INVENTARIO VALUES (9,150,51);
INSERT INTO BDD1_INVENTARIO VALUES (3,43,66);
INSERT INTO BDD1_INVENTARIO VALUES (8,140,11);
INSERT INTO BDD1_INVENTARIO VALUES (2,128,15);
INSERT INTO BDD1_INVENTARIO VALUES (9,126,41);
INSERT INTO BDD1_INVENTARIO VALUES (10,14,36);
INSERT INTO BDD1_INVENTARIO VALUES (10,101,36);
INSERT INTO BDD1_INVENTARIO VALUES (9,14,24);
INSERT INTO BDD1_INVENTARIO VALUES (2,59,36);
INSERT INTO BDD1_INVENTARIO VALUES (6,197,23);
INSERT INTO BDD1_INVENTARIO VALUES (3,108,53);
INSERT INTO BDD1_INVENTARIO VALUES (6,30,11);
INSERT INTO BDD1_INVENTARIO VALUES (6,105,20);
INSERT INTO BDD1_INVENTARIO VALUES (2,150,31);
INSERT INTO BDD1_INVENTARIO VALUES (10,144,73);
INSERT INTO BDD1_INVENTARIO VALUES (10,122,62);
INSERT INTO BDD1_INVENTARIO VALUES (5,66,53);
INSERT INTO BDD1_INVENTARIO VALUES (9,31,56);
INSERT INTO BDD1_INVENTARIO VALUES (1,23,58);
INSERT INTO BDD1_INVENTARIO VALUES (7,36,53);
INSERT INTO BDD1_INVENTARIO VALUES (1,16,42);
INSERT INTO BDD1_INVENTARIO VALUES (6,150,57);
INSERT INTO BDD1_INVENTARIO VALUES (8,5,47);
INSERT INTO BDD1_INVENTARIO VALUES (2,18,16);
INSERT INTO BDD1_INVENTARIO VALUES (9,66,75);
INSERT INTO BDD1_INVENTARIO VALUES (4,119,44);
INSERT INTO BDD1_INVENTARIO VALUES (7,131,39);
INSERT INTO BDD1_INVENTARIO VALUES (9,32,57);
INSERT INTO BDD1_INVENTARIO VALUES (7,6,24);
INSERT INTO BDD1_INVENTARIO VALUES (10,95,64);
INSERT INTO BDD1_INVENTARIO VALUES (3,34,38);
INSERT INTO BDD1_INVENTARIO VALUES (3,194,50);
INSERT INTO BDD1_INVENTARIO VALUES (8,167,66);
INSERT INTO BDD1_INVENTARIO VALUES (5,57,27);
INSERT INTO BDD1_INVENTARIO VALUES (5,5,25);
INSERT INTO BDD1_INVENTARIO VALUES (4,6,57);
INSERT INTO BDD1_INVENTARIO VALUES (4,48,72);
INSERT INTO BDD1_INVENTARIO VALUES (9,99,22);
INSERT INTO BDD1_INVENTARIO VALUES (4,13,34);
INSERT INTO BDD1_INVENTARIO VALUES (9,58,75);
INSERT INTO BDD1_INVENTARIO VALUES (10,5,28);
INSERT INTO BDD1_INVENTARIO VALUES (9,46,38);
INSERT INTO BDD1_INVENTARIO VALUES (2,119,42);
INSERT INTO BDD1_INVENTARIO VALUES (5,194,28);
INSERT INTO BDD1_INVENTARIO VALUES (1,28,75);
INSERT INTO BDD1_INVENTARIO VALUES (1,125,51);
INSERT INTO BDD1_INVENTARIO VALUES (7,40,28);
INSERT INTO BDD1_INVENTARIO VALUES (2,70,43);
INSERT INTO BDD1_INVENTARIO VALUES (10,82,12);
INSERT INTO BDD1_INVENTARIO VALUES (7,64,22);
INSERT INTO BDD1_INVENTARIO VALUES (5,146,44);
INSERT INTO BDD1_INVENTARIO VALUES (7,20,15);
INSERT INTO BDD1_INVENTARIO VALUES (4,84,72);
INSERT INTO BDD1_INVENTARIO VALUES (7,106,57);
INSERT INTO BDD1_INVENTARIO VALUES (4,30,18);
INSERT INTO BDD1_INVENTARIO VALUES (10,76,72);
INSERT INTO BDD1_INVENTARIO VALUES (10,46,16);
INSERT INTO BDD1_INVENTARIO VALUES (2,44,57);
INSERT INTO BDD1_INVENTARIO VALUES (10,73,46);
INSERT INTO BDD1_INVENTARIO VALUES (10,146,12);
INSERT INTO BDD1_INVENTARIO VALUES (7,181,35);
INSERT INTO BDD1_INVENTARIO VALUES (7,124,45);
INSERT INTO BDD1_INVENTARIO VALUES (8,150,61);
INSERT INTO BDD1_INVENTARIO VALUES (5,40,40);
INSERT INTO BDD1_INVENTARIO VALUES (9,164,32);
INSERT INTO BDD1_INVENTARIO VALUES (1,21,27);
INSERT INTO BDD1_INVENTARIO VALUES (4,34,54);
INSERT INTO BDD1_INVENTARIO VALUES (5,153,20);
INSERT INTO BDD1_INVENTARIO VALUES (3,156,52);
INSERT INTO BDD1_INVENTARIO VALUES (4,174,74);
INSERT INTO BDD1_INVENTARIO VALUES (3,28,67);
INSERT INTO BDD1_INVENTARIO VALUES (6,110,52);
INSERT INTO BDD1_INVENTARIO VALUES (4,132,34);
INSERT INTO BDD1_INVENTARIO VALUES (2,196,60);
INSERT INTO BDD1_INVENTARIO VALUES (10,98,60);
INSERT INTO BDD1_INVENTARIO VALUES (1,155,19);
INSERT INTO BDD1_INVENTARIO VALUES (2,154,10);
INSERT INTO BDD1_INVENTARIO VALUES (1,105,61);
INSERT INTO BDD1_INVENTARIO VALUES (10,71,16);
INSERT INTO BDD1_INVENTARIO VALUES (7,200,19);
INSERT INTO BDD1_INVENTARIO VALUES (7,35,42);
INSERT INTO BDD1_INVENTARIO VALUES (3,85,52);
INSERT INTO BDD1_INVENTARIO VALUES (2,80,10);
INSERT INTO BDD1_INVENTARIO VALUES (6,183,28);
INSERT INTO BDD1_INVENTARIO VALUES (9,94,49);
INSERT INTO BDD1_INVENTARIO VALUES (3,13,26);
INSERT INTO BDD1_INVENTARIO VALUES (8,118,74);
INSERT INTO BDD1_INVENTARIO VALUES (6,9,37);
INSERT INTO BDD1_INVENTARIO VALUES (1,25,14);
INSERT INTO BDD1_INVENTARIO VALUES (4,105,54);
INSERT INTO BDD1_INVENTARIO VALUES (8,116,31);
INSERT INTO BDD1_INVENTARIO VALUES (4,186,27);
INSERT INTO BDD1_INVENTARIO VALUES (7,37,54);
INSERT INTO BDD1_INVENTARIO VALUES (1,108,27);
INSERT INTO BDD1_INVENTARIO VALUES (7,173,60);
INSERT INTO BDD1_INVENTARIO VALUES (3,9,19);
INSERT INTO BDD1_INVENTARIO VALUES (1,36,22);
INSERT INTO BDD1_INVENTARIO VALUES (2,103,10);
INSERT INTO BDD1_INVENTARIO VALUES (2,126,44);
INSERT INTO BDD1_INVENTARIO VALUES (4,82,49);
INSERT INTO BDD1_INVENTARIO VALUES (2,166,57);
INSERT INTO BDD1_INVENTARIO VALUES (3,197,75);
INSERT INTO BDD1_INVENTARIO VALUES (6,56,34);
INSERT INTO BDD1_INVENTARIO VALUES (3,162,59);
INSERT INTO BDD1_INVENTARIO VALUES (8,99,66);
INSERT INTO BDD1_INVENTARIO VALUES (2,193,63);
INSERT INTO BDD1_INVENTARIO VALUES (2,20,56);
INSERT INTO BDD1_INVENTARIO VALUES (1,178,34);
INSERT INTO BDD1_INVENTARIO VALUES (1,152,22);
INSERT INTO BDD1_INVENTARIO VALUES (2,177,50);
INSERT INTO BDD1_INVENTARIO VALUES (6,158,59);
INSERT INTO BDD1_INVENTARIO VALUES (7,198,31);
INSERT INTO BDD1_INVENTARIO VALUES (7,180,64);
INSERT INTO BDD1_INVENTARIO VALUES (6,120,48);
INSERT INTO BDD1_INVENTARIO VALUES (1,128,63);
INSERT INTO BDD1_INVENTARIO VALUES (2,134,74);
INSERT INTO BDD1_INVENTARIO VALUES (6,99,71);
INSERT INTO BDD1_INVENTARIO VALUES (1,95,46);
INSERT INTO BDD1_INVENTARIO VALUES (2,32,19);
INSERT INTO BDD1_INVENTARIO VALUES (1,27,67);
INSERT INTO BDD1_INVENTARIO VALUES (7,148,47);
INSERT INTO BDD1_INVENTARIO VALUES (9,57,43);
INSERT INTO BDD1_INVENTARIO VALUES (10,64,17);
INSERT INTO BDD1_INVENTARIO VALUES (1,198,45);
INSERT INTO BDD1_INVENTARIO VALUES (9,139,25);
INSERT INTO BDD1_INVENTARIO VALUES (7,8,39);
INSERT INTO BDD1_INVENTARIO VALUES (7,88,31);
INSERT INTO BDD1_INVENTARIO VALUES (4,61,35);
INSERT INTO BDD1_INVENTARIO VALUES (10,103,21);
INSERT INTO BDD1_INVENTARIO VALUES (8,122,26);
INSERT INTO BDD1_INVENTARIO VALUES (5,42,48);
INSERT INTO BDD1_INVENTARIO VALUES (2,156,66);
INSERT INTO BDD1_INVENTARIO VALUES (4,56,17);
INSERT INTO BDD1_INVENTARIO VALUES (8,3,54);
INSERT INTO BDD1_INVENTARIO VALUES (7,55,24);
INSERT INTO BDD1_INVENTARIO VALUES (8,85,47);
INSERT INTO BDD1_INVENTARIO VALUES (10,158,48);
INSERT INTO BDD1_INVENTARIO VALUES (9,179,65);
INSERT INTO BDD1_INVENTARIO VALUES (8,196,61);
INSERT INTO BDD1_INVENTARIO VALUES (6,101,32);
INSERT INTO BDD1_INVENTARIO VALUES (2,101,73);
INSERT INTO BDD1_INVENTARIO VALUES (7,89,56);
INSERT INTO BDD1_INVENTARIO VALUES (3,84,17);
INSERT INTO BDD1_INVENTARIO VALUES (6,106,23);
INSERT INTO BDD1_INVENTARIO VALUES (10,195,12);
INSERT INTO BDD1_INVENTARIO VALUES (2,89,10);
INSERT INTO BDD1_INVENTARIO VALUES (4,145,13);
INSERT INTO BDD1_INVENTARIO VALUES (5,24,56);
INSERT INTO BDD1_INVENTARIO VALUES (1,174,73);
INSERT INTO BDD1_INVENTARIO VALUES (3,79,71);
INSERT INTO BDD1_INVENTARIO VALUES (7,162,35);
INSERT INTO BDD1_INVENTARIO VALUES (2,100,37);
INSERT INTO BDD1_INVENTARIO VALUES (5,190,53);
INSERT INTO BDD1_INVENTARIO VALUES (8,142,75);
INSERT INTO BDD1_INVENTARIO VALUES (9,159,59);
INSERT INTO BDD1_INVENTARIO VALUES (3,48,68);
INSERT INTO BDD1_INVENTARIO VALUES (4,27,45);
INSERT INTO BDD1_INVENTARIO VALUES (1,41,31);
INSERT INTO BDD1_INVENTARIO VALUES (6,132,49);
INSERT INTO BDD1_INVENTARIO VALUES (8,55,32);
INSERT INTO BDD1_INVENTARIO VALUES (5,116,10);
INSERT INTO BDD1_INVENTARIO VALUES (3,158,69);
INSERT INTO BDD1_INVENTARIO VALUES (2,174,50);
INSERT INTO BDD1_INVENTARIO VALUES (3,155,16);
INSERT INTO BDD1_INVENTARIO VALUES (9,40,38);
INSERT INTO BDD1_INVENTARIO VALUES (7,170,74);
INSERT INTO BDD1_INVENTARIO VALUES (8,50,13);
INSERT INTO BDD1_INVENTARIO VALUES (2,151,71);
INSERT INTO BDD1_INVENTARIO VALUES (6,95,68);
INSERT INTO BDD1_INVENTARIO VALUES (6,87,37);
INSERT INTO BDD1_INVENTARIO VALUES (9,178,53);
INSERT INTO BDD1_INVENTARIO VALUES (9,84,44);
INSERT INTO BDD1_INVENTARIO VALUES (1,109,33);
INSERT INTO BDD1_INVENTARIO VALUES (4,89,43);
INSERT INTO BDD1_INVENTARIO VALUES (10,37,23);
INSERT INTO BDD1_INVENTARIO VALUES (1,84,17);
INSERT INTO BDD1_INVENTARIO VALUES (10,75,48);
INSERT INTO BDD1_INVENTARIO VALUES (3,101,57);
INSERT INTO BDD1_INVENTARIO VALUES (7,41,69);
INSERT INTO BDD1_INVENTARIO VALUES (10,105,69);
INSERT INTO BDD1_INVENTARIO VALUES (1,101,50);
INSERT INTO BDD1_INVENTARIO VALUES (1,142,24);
INSERT INTO BDD1_INVENTARIO VALUES (5,13,29);
INSERT INTO BDD1_INVENTARIO VALUES (1,82,28);
INSERT INTO BDD1_INVENTARIO VALUES (3,180,41);
INSERT INTO BDD1_INVENTARIO VALUES (10,117,63);
INSERT INTO BDD1_INVENTARIO VALUES (8,33,37);
INSERT INTO BDD1_INVENTARIO VALUES (5,150,73);
INSERT INTO BDD1_INVENTARIO VALUES (5,105,72);
INSERT INTO BDD1_INVENTARIO VALUES (3,186,32);
INSERT INTO BDD1_INVENTARIO VALUES (9,26,30);
INSERT INTO BDD1_INVENTARIO VALUES (7,195,58);
INSERT INTO BDD1_INVENTARIO VALUES (1,61,75);
INSERT INTO BDD1_INVENTARIO VALUES (3,91,48);
INSERT INTO BDD1_INVENTARIO VALUES (4,74,66);
INSERT INTO BDD1_INVENTARIO VALUES (4,23,54);
INSERT INTO BDD1_INVENTARIO VALUES (6,35,69);
INSERT INTO BDD1_INVENTARIO VALUES (2,40,15);
INSERT INTO BDD1_INVENTARIO VALUES (3,36,48);
INSERT INTO BDD1_INVENTARIO VALUES (9,68,31);
INSERT INTO BDD1_INVENTARIO VALUES (2,35,53);
INSERT INTO BDD1_INVENTARIO VALUES (4,88,20);
INSERT INTO BDD1_INVENTARIO VALUES (5,14,23);
INSERT INTO BDD1_INVENTARIO VALUES (2,19,67);
INSERT INTO BDD1_INVENTARIO VALUES (3,103,35);
INSERT INTO BDD1_INVENTARIO VALUES (10,4,66);
INSERT INTO BDD1_INVENTARIO VALUES (8,193,30);
INSERT INTO BDD1_INVENTARIO VALUES (6,6,38);
INSERT INTO BDD1_INVENTARIO VALUES (9,96,14);
INSERT INTO BDD1_INVENTARIO VALUES (3,64,21);
INSERT INTO BDD1_INVENTARIO VALUES (10,107,71);
INSERT INTO BDD1_INVENTARIO VALUES (1,15,56);
INSERT INTO BDD1_INVENTARIO VALUES (3,174,37);
INSERT INTO BDD1_INVENTARIO VALUES (4,168,33);
INSERT INTO BDD1_INVENTARIO VALUES (8,166,11);
INSERT INTO BDD1_INVENTARIO VALUES (6,20,28);
INSERT INTO BDD1_INVENTARIO VALUES (2,57,43);
INSERT INTO BDD1_INVENTARIO VALUES (1,115,48);
INSERT INTO BDD1_INVENTARIO VALUES (10,57,38);
INSERT INTO BDD1_INVENTARIO VALUES (8,132,73);
INSERT INTO BDD1_INVENTARIO VALUES (3,177,53);
INSERT INTO BDD1_INVENTARIO VALUES (2,14,75);
INSERT INTO BDD1_INVENTARIO VALUES (4,7,22);
INSERT INTO BDD1_INVENTARIO VALUES (9,41,11);
INSERT INTO BDD1_INVENTARIO VALUES (7,27,47);
INSERT INTO BDD1_INVENTARIO VALUES (4,192,64);
INSERT INTO BDD1_INVENTARIO VALUES (2,167,55);
INSERT INTO BDD1_INVENTARIO VALUES (7,56,66);
INSERT INTO BDD1_INVENTARIO VALUES (3,161,13);
INSERT INTO BDD1_INVENTARIO VALUES (4,148,73);
INSERT INTO BDD1_INVENTARIO VALUES (4,95,67);
INSERT INTO BDD1_INVENTARIO VALUES (2,195,57);
INSERT INTO BDD1_INVENTARIO VALUES (3,112,51);
INSERT INTO BDD1_INVENTARIO VALUES (7,87,20);
INSERT INTO BDD1_INVENTARIO VALUES (7,193,70);
INSERT INTO BDD1_INVENTARIO VALUES (1,97,23);
INSERT INTO BDD1_INVENTARIO VALUES (1,85,59);
INSERT INTO BDD1_INVENTARIO VALUES (1,67,23);
INSERT INTO BDD1_INVENTARIO VALUES (6,141,60);
INSERT INTO BDD1_INVENTARIO VALUES (1,54,70);
INSERT INTO BDD1_INVENTARIO VALUES (6,5,38);
INSERT INTO BDD1_INVENTARIO VALUES (7,21,64);
INSERT INTO BDD1_INVENTARIO VALUES (3,22,45);
INSERT INTO BDD1_INVENTARIO VALUES (8,156,43);
INSERT INTO BDD1_INVENTARIO VALUES (4,154,29);
INSERT INTO BDD1_INVENTARIO VALUES (2,142,15);
INSERT INTO BDD1_INVENTARIO VALUES (2,185,13);
INSERT INTO BDD1_INVENTARIO VALUES (4,80,35);
INSERT INTO BDD1_INVENTARIO VALUES (3,23,20);
INSERT INTO BDD1_INVENTARIO VALUES (5,149,20);
INSERT INTO BDD1_INVENTARIO VALUES (2,104,45);
INSERT INTO BDD1_INVENTARIO VALUES (4,98,16);
INSERT INTO BDD1_INVENTARIO VALUES (2,115,65);
INSERT INTO BDD1_INVENTARIO VALUES (8,83,53);
INSERT INTO BDD1_INVENTARIO VALUES (3,98,35);
INSERT INTO BDD1_INVENTARIO VALUES (5,10,27);
INSERT INTO BDD1_INVENTARIO VALUES (7,30,16);
INSERT INTO BDD1_INVENTARIO VALUES (1,122,48);
INSERT INTO BDD1_INVENTARIO VALUES (2,121,36);
INSERT INTO BDD1_INVENTARIO VALUES (7,82,66);
INSERT INTO BDD1_INVENTARIO VALUES (8,113,43);
INSERT INTO BDD1_INVENTARIO VALUES (6,119,74);
INSERT INTO BDD1_INVENTARIO VALUES (3,83,42);
INSERT INTO BDD1_INVENTARIO VALUES (8,34,24);
INSERT INTO BDD1_INVENTARIO VALUES (9,134,59);
INSERT INTO BDD1_INVENTARIO VALUES (6,173,53);
INSERT INTO BDD1_INVENTARIO VALUES (9,169,67);
INSERT INTO BDD1_INVENTARIO VALUES (7,138,61);
INSERT INTO BDD1_INVENTARIO VALUES (3,45,59);
INSERT INTO BDD1_INVENTARIO VALUES (1,193,51);
INSERT INTO BDD1_INVENTARIO VALUES (9,141,59);
INSERT INTO BDD1_INVENTARIO VALUES (5,78,34);
INSERT INTO BDD1_INVENTARIO VALUES (1,80,40);
INSERT INTO BDD1_INVENTARIO VALUES (7,81,28);
INSERT INTO BDD1_INVENTARIO VALUES (1,183,12);
INSERT INTO BDD1_INVENTARIO VALUES (10,139,43);
INSERT INTO BDD1_INVENTARIO VALUES (8,190,36);
INSERT INTO BDD1_INVENTARIO VALUES (6,19,65);
INSERT INTO BDD1_INVENTARIO VALUES (6,163,16);
INSERT INTO BDD1_INVENTARIO VALUES (2,186,65);
INSERT INTO BDD1_INVENTARIO VALUES (1,138,10);
INSERT INTO BDD1_INVENTARIO VALUES (5,132,73);
INSERT INTO BDD1_INVENTARIO VALUES (4,3,48);
INSERT INTO BDD1_INVENTARIO VALUES (1,195,63);
INSERT INTO BDD1_INVENTARIO VALUES (8,58,28);
INSERT INTO BDD1_INVENTARIO VALUES (2,114,60);
INSERT INTO BDD1_INVENTARIO VALUES (1,55,22);
INSERT INTO BDD1_INVENTARIO VALUES (4,162,13);
INSERT INTO BDD1_INVENTARIO VALUES (9,91,59);
INSERT INTO BDD1_INVENTARIO VALUES (5,161,23);
INSERT INTO BDD1_INVENTARIO VALUES (4,26,27);
INSERT INTO BDD1_INVENTARIO VALUES (9,194,46);
INSERT INTO BDD1_INVENTARIO VALUES (8,95,75);
INSERT INTO BDD1_INVENTARIO VALUES (2,129,71);
INSERT INTO BDD1_INVENTARIO VALUES (6,188,66);
INSERT INTO BDD1_INVENTARIO VALUES (1,187,65);
INSERT INTO BDD1_INVENTARIO VALUES (4,14,31);
INSERT INTO BDD1_INVENTARIO VALUES (5,94,63);
INSERT INTO BDD1_INVENTARIO VALUES (7,122,33);
INSERT INTO BDD1_INVENTARIO VALUES (5,174,73);
INSERT INTO BDD1_INVENTARIO VALUES (5,147,31);
INSERT INTO BDD1_INVENTARIO VALUES (1,119,19);
INSERT INTO BDD1_INVENTARIO VALUES (2,25,51);
INSERT INTO BDD1_INVENTARIO VALUES (10,131,15);
INSERT INTO BDD1_INVENTARIO VALUES (6,109,35);
INSERT INTO BDD1_INVENTARIO VALUES (5,6,32);
INSERT INTO BDD1_INVENTARIO VALUES (8,48,17);
INSERT INTO BDD1_INVENTARIO VALUES (10,184,69);
INSERT INTO BDD1_INVENTARIO VALUES (7,142,66);
INSERT INTO BDD1_INVENTARIO VALUES (10,167,65);
INSERT INTO BDD1_INVENTARIO VALUES (6,3,53);
INSERT INTO BDD1_INVENTARIO VALUES (4,99,69);
INSERT INTO BDD1_INVENTARIO VALUES (2,144,34);
INSERT INTO BDD1_INVENTARIO VALUES (3,54,24);
INSERT INTO BDD1_INVENTARIO VALUES (5,154,64);
INSERT INTO BDD1_INVENTARIO VALUES (5,61,23);
INSERT INTO BDD1_INVENTARIO VALUES (4,175,42);
INSERT INTO BDD1_INVENTARIO VALUES (7,38,73);
INSERT INTO BDD1_INVENTARIO VALUES (4,41,54);
INSERT INTO BDD1_INVENTARIO VALUES (4,133,50);
INSERT INTO BDD1_INVENTARIO VALUES (3,40,45);
INSERT INTO BDD1_INVENTARIO VALUES (7,4,43);
INSERT INTO BDD1_INVENTARIO VALUES (5,114,50);
INSERT INTO BDD1_INVENTARIO VALUES (5,44,55);
INSERT INTO BDD1_INVENTARIO VALUES (2,198,34);
INSERT INTO BDD1_INVENTARIO VALUES (2,91,52);
INSERT INTO BDD1_INVENTARIO VALUES (1,146,16);
INSERT INTO BDD1_INVENTARIO VALUES (3,182,40);
INSERT INTO BDD1_INVENTARIO VALUES (7,98,70);
INSERT INTO BDD1_INVENTARIO VALUES (3,171,41);
INSERT INTO BDD1_INVENTARIO VALUES (7,48,50);
INSERT INTO BDD1_INVENTARIO VALUES (8,82,49);
INSERT INTO BDD1_INVENTARIO VALUES (1,19,53);
INSERT INTO BDD1_INVENTARIO VALUES (3,89,61);
INSERT INTO BDD1_INVENTARIO VALUES (6,24,24);
INSERT INTO BDD1_INVENTARIO VALUES (6,104,69);
INSERT INTO BDD1_INVENTARIO VALUES (9,138,37);
INSERT INTO BDD1_INVENTARIO VALUES (7,65,45);
INSERT INTO BDD1_INVENTARIO VALUES (5,199,67);
INSERT INTO BDD1_INVENTARIO VALUES (8,25,35);
INSERT INTO BDD1_INVENTARIO VALUES (3,191,40);
INSERT INTO BDD1_INVENTARIO VALUES (8,181,13);
INSERT INTO BDD1_INVENTARIO VALUES (3,107,50);
INSERT INTO BDD1_INVENTARIO VALUES (5,122,24);
INSERT INTO BDD1_INVENTARIO VALUES (4,16,16);
INSERT INTO BDD1_INVENTARIO VALUES (7,49,36);
INSERT INTO BDD1_INVENTARIO VALUES (2,170,35);
INSERT INTO BDD1_INVENTARIO VALUES (2,194,73);
INSERT INTO BDD1_INVENTARIO VALUES (1,86,16);
INSERT INTO BDD1_INVENTARIO VALUES (5,172,13);
INSERT INTO BDD1_INVENTARIO VALUES (3,55,32);
INSERT INTO BDD1_INVENTARIO VALUES (8,160,41);
INSERT INTO BDD1_INVENTARIO VALUES (3,173,56);
INSERT INTO BDD1_INVENTARIO VALUES (6,18,59);
INSERT INTO BDD1_INVENTARIO VALUES (1,180,65);
INSERT INTO BDD1_INVENTARIO VALUES (4,59,18);
INSERT INTO BDD1_INVENTARIO VALUES (7,91,44);
INSERT INTO BDD1_INVENTARIO VALUES (9,116,17);
INSERT INTO BDD1_INVENTARIO VALUES (8,71,35);
INSERT INTO BDD1_INVENTARIO VALUES (3,167,63);
INSERT INTO BDD1_INVENTARIO VALUES (1,197,31);
INSERT INTO BDD1_INVENTARIO VALUES (7,84,15);
INSERT INTO BDD1_INVENTARIO VALUES (4,102,17);
INSERT INTO BDD1_INVENTARIO VALUES (5,49,15);
INSERT INTO BDD1_INVENTARIO VALUES (10,198,41);
INSERT INTO BDD1_INVENTARIO VALUES (10,123,68);
INSERT INTO BDD1_INVENTARIO VALUES (4,77,67);
INSERT INTO BDD1_INVENTARIO VALUES (6,58,19);
INSERT INTO BDD1_INVENTARIO VALUES (2,130,61);
INSERT INTO BDD1_INVENTARIO VALUES (5,48,34);
INSERT INTO BDD1_INVENTARIO VALUES (9,33,48);
INSERT INTO BDD1_INVENTARIO VALUES (5,109,33);
INSERT INTO BDD1_INVENTARIO VALUES (4,135,60);
INSERT INTO BDD1_INVENTARIO VALUES (6,17,64);
INSERT INTO BDD1_INVENTARIO VALUES (7,121,14);
INSERT INTO BDD1_INVENTARIO VALUES (6,154,42);
INSERT INTO BDD1_INVENTARIO VALUES (1,182,42);
INSERT INTO BDD1_INVENTARIO VALUES (2,184,74);
INSERT INTO BDD1_INVENTARIO VALUES (9,51,44);
INSERT INTO BDD1_INVENTARIO VALUES (9,121,57);
INSERT INTO BDD1_INVENTARIO VALUES (8,162,66);
INSERT INTO BDD1_INVENTARIO VALUES (1,148,17);
INSERT INTO BDD1_INVENTARIO VALUES (3,15,50);
INSERT INTO BDD1_INVENTARIO VALUES (7,130,15);
INSERT INTO BDD1_INVENTARIO VALUES (5,167,55);
INSERT INTO BDD1_INVENTARIO VALUES (4,197,39);
INSERT INTO BDD1_INVENTARIO VALUES (6,51,62);
INSERT INTO BDD1_INVENTARIO VALUES (7,133,59);
INSERT INTO BDD1_INVENTARIO VALUES (5,185,38);
INSERT INTO BDD1_INVENTARIO VALUES (7,66,57);
INSERT INTO BDD1_INVENTARIO VALUES (8,110,45);
INSERT INTO BDD1_INVENTARIO VALUES (5,27,67);
INSERT INTO BDD1_INVENTARIO VALUES (5,2,48);
INSERT INTO BDD1_INVENTARIO VALUES (7,23,60);
INSERT INTO BDD1_INVENTARIO VALUES (1,60,47);
INSERT INTO BDD1_INVENTARIO VALUES (6,53,42);
INSERT INTO BDD1_INVENTARIO VALUES (6,191,17);
INSERT INTO BDD1_INVENTARIO VALUES (1,199,60);
INSERT INTO BDD1_INVENTARIO VALUES (7,17,39);
INSERT INTO BDD1_INVENTARIO VALUES (8,56,74);
INSERT INTO BDD1_INVENTARIO VALUES (7,16,48);
INSERT INTO BDD1_INVENTARIO VALUES (7,14,69);
INSERT INTO BDD1_INVENTARIO VALUES (9,55,73);
INSERT INTO BDD1_INVENTARIO VALUES (8,189,20);
INSERT INTO BDD1_INVENTARIO VALUES (3,169,33);
INSERT INTO BDD1_INVENTARIO VALUES (6,69,51);
INSERT INTO BDD1_INVENTARIO VALUES (5,134,19);
INSERT INTO BDD1_INVENTARIO VALUES (4,87,27);
INSERT INTO BDD1_INVENTARIO VALUES (7,187,51);
INSERT INTO BDD1_INVENTARIO VALUES (2,95,43);
INSERT INTO BDD1_INVENTARIO VALUES (4,8,64);
INSERT INTO BDD1_INVENTARIO VALUES (5,90,75);
INSERT INTO BDD1_INVENTARIO VALUES (2,117,54);
INSERT INTO BDD1_INVENTARIO VALUES (2,191,62);
INSERT INTO BDD1_INVENTARIO VALUES (10,149,66);
INSERT INTO BDD1_INVENTARIO VALUES (5,179,11);
INSERT INTO BDD1_INVENTARIO VALUES (7,5,59);
INSERT INTO BDD1_INVENTARIO VALUES (8,63,21);
INSERT INTO BDD1_INVENTARIO VALUES (10,22,50);
INSERT INTO BDD1_INVENTARIO VALUES (7,119,27);
INSERT INTO BDD1_INVENTARIO VALUES (5,63,51);
INSERT INTO BDD1_INVENTARIO VALUES (3,175,17);
INSERT INTO BDD1_INVENTARIO VALUES (9,18,71);
INSERT INTO BDD1_INVENTARIO VALUES (4,29,11);
INSERT INTO BDD1_INVENTARIO VALUES (2,83,72);
INSERT INTO BDD1_INVENTARIO VALUES (9,143,19);
INSERT INTO BDD1_INVENTARIO VALUES (10,44,54);
INSERT INTO BDD1_INVENTARIO VALUES (5,25,35);
INSERT INTO BDD1_INVENTARIO VALUES (9,62,49);
INSERT INTO BDD1_INVENTARIO VALUES (10,94,64);
INSERT INTO BDD1_INVENTARIO VALUES (2,159,18);
INSERT INTO BDD1_INVENTARIO VALUES (2,63,22);
INSERT INTO BDD1_INVENTARIO VALUES (7,126,51);
INSERT INTO BDD1_INVENTARIO VALUES (3,90,69);
INSERT INTO BDD1_INVENTARIO VALUES (4,120,21);
INSERT INTO BDD1_INVENTARIO VALUES (7,95,36);
INSERT INTO BDD1_INVENTARIO VALUES (2,171,12);
INSERT INTO BDD1_INVENTARIO VALUES (2,26,58);
INSERT INTO BDD1_INVENTARIO VALUES (10,48,58);
INSERT INTO BDD1_INVENTARIO VALUES (6,107,11);
INSERT INTO BDD1_INVENTARIO VALUES (9,47,17);
INSERT INTO BDD1_INVENTARIO VALUES (4,51,31);
INSERT INTO BDD1_INVENTARIO VALUES (3,134,30);
INSERT INTO BDD1_INVENTARIO VALUES (10,182,30);
INSERT INTO BDD1_INVENTARIO VALUES (6,49,25);
INSERT INTO BDD1_INVENTARIO VALUES (6,124,75);
INSERT INTO BDD1_INVENTARIO VALUES (6,37,58);
INSERT INTO BDD1_INVENTARIO VALUES (7,152,44);
INSERT INTO BDD1_INVENTARIO VALUES (4,163,53);
INSERT INTO BDD1_INVENTARIO VALUES (8,129,65);
INSERT INTO BDD1_INVENTARIO VALUES (3,29,30);
INSERT INTO BDD1_INVENTARIO VALUES (8,184,19);
INSERT INTO BDD1_INVENTARIO VALUES (3,4,41);
INSERT INTO BDD1_INVENTARIO VALUES (1,18,26);
INSERT INTO BDD1_INVENTARIO VALUES (1,64,69);
INSERT INTO BDD1_INVENTARIO VALUES (4,100,54);
INSERT INTO BDD1_INVENTARIO VALUES (1,24,64);
INSERT INTO BDD1_INVENTARIO VALUES (5,75,26);
INSERT INTO BDD1_INVENTARIO VALUES (4,122,67);
INSERT INTO BDD1_INVENTARIO VALUES (7,168,50);
INSERT INTO BDD1_INVENTARIO VALUES (1,116,27);
INSERT INTO BDD1_INVENTARIO VALUES (5,169,55);
INSERT INTO BDD1_INVENTARIO VALUES (1,14,54);
INSERT INTO BDD1_INVENTARIO VALUES (1,98,23);
INSERT INTO BDD1_INVENTARIO VALUES (1,30,45);
INSERT INTO BDD1_INVENTARIO VALUES (7,85,66);
INSERT INTO BDD1_INVENTARIO VALUES (7,74,41);
INSERT INTO BDD1_INVENTARIO VALUES (9,160,22);
INSERT INTO BDD1_INVENTARIO VALUES (5,157,44);
INSERT INTO BDD1_INVENTARIO VALUES (1,190,48);
INSERT INTO BDD1_INVENTARIO VALUES (1,58,49);
INSERT INTO BDD1_INVENTARIO VALUES (3,37,60);
INSERT INTO BDD1_INVENTARIO VALUES (10,163,68);
INSERT INTO BDD1_INVENTARIO VALUES (2,10,12);
INSERT INTO BDD1_INVENTARIO VALUES (9,63,30);
INSERT INTO BDD1_INVENTARIO VALUES (9,133,63);
INSERT INTO BDD1_INVENTARIO VALUES (6,179,66);
INSERT INTO BDD1_INVENTARIO VALUES (5,52,39);
INSERT INTO BDD1_INVENTARIO VALUES (5,100,13);
INSERT INTO BDD1_INVENTARIO VALUES (3,124,44);
INSERT INTO BDD1_INVENTARIO VALUES (5,164,48);
INSERT INTO BDD1_INVENTARIO VALUES (3,35,27);
INSERT INTO BDD1_INVENTARIO VALUES (1,13,71);
INSERT INTO BDD1_INVENTARIO VALUES (9,52,35);
INSERT INTO BDD1_INVENTARIO VALUES (10,39,23);
INSERT INTO BDD1_INVENTARIO VALUES (9,156,71);
INSERT INTO BDD1_INVENTARIO VALUES (5,195,45);
INSERT INTO BDD1_INVENTARIO VALUES (2,33,63);
INSERT INTO BDD1_INVENTARIO VALUES (10,102,58);
INSERT INTO BDD1_INVENTARIO VALUES (3,77,58);
INSERT INTO BDD1_INVENTARIO VALUES (6,40,63);
INSERT INTO BDD1_INVENTARIO VALUES (10,110,13);
INSERT INTO BDD1_INVENTARIO VALUES (8,61,73);
INSERT INTO BDD1_INVENTARIO VALUES (8,96,74);
INSERT INTO BDD1_INVENTARIO VALUES (1,6,73);
INSERT INTO BDD1_INVENTARIO VALUES (5,64,58);
INSERT INTO BDD1_INVENTARIO VALUES (7,182,51);
INSERT INTO BDD1_INVENTARIO VALUES (1,186,40);
INSERT INTO BDD1_INVENTARIO VALUES (2,34,59);
INSERT INTO BDD1_INVENTARIO VALUES (6,54,48);
INSERT INTO BDD1_INVENTARIO VALUES (3,109,22);
INSERT INTO BDD1_INVENTARIO VALUES (3,14,55);
INSERT INTO BDD1_INVENTARIO VALUES (2,169,34);
INSERT INTO BDD1_INVENTARIO VALUES (3,144,30);
INSERT INTO BDD1_INVENTARIO VALUES (2,163,15);
INSERT INTO BDD1_INVENTARIO VALUES (9,60,63);
INSERT INTO BDD1_INVENTARIO VALUES (4,24,19);
INSERT INTO BDD1_INVENTARIO VALUES (5,181,69);
INSERT INTO BDD1_INVENTARIO VALUES (3,142,23);
INSERT INTO BDD1_INVENTARIO VALUES (1,43,62);
INSERT INTO BDD1_INVENTARIO VALUES (3,102,61);
INSERT INTO BDD1_INVENTARIO VALUES (6,60,20);
INSERT INTO BDD1_INVENTARIO VALUES (9,183,35);
INSERT INTO BDD1_INVENTARIO VALUES (6,66,65);
INSERT INTO BDD1_INVENTARIO VALUES (2,49,66);
INSERT INTO BDD1_INVENTARIO VALUES (9,174,20);
INSERT INTO BDD1_INVENTARIO VALUES (3,126,45);
INSERT INTO BDD1_INVENTARIO VALUES (4,32,15);
INSERT INTO BDD1_INVENTARIO VALUES (6,142,14);
INSERT INTO BDD1_INVENTARIO VALUES (3,117,69);
INSERT INTO BDD1_INVENTARIO VALUES (1,66,22);
INSERT INTO BDD1_INVENTARIO VALUES (5,192,42);
INSERT INTO BDD1_INVENTARIO VALUES (1,150,30);
INSERT INTO BDD1_INVENTARIO VALUES (10,43,67);
INSERT INTO BDD1_INVENTARIO VALUES (3,192,11);
INSERT INTO BDD1_INVENTARIO VALUES (1,113,27);
INSERT INTO BDD1_INVENTARIO VALUES (2,168,73);
INSERT INTO BDD1_INVENTARIO VALUES (10,67,46);
INSERT INTO BDD1_INVENTARIO VALUES (4,83,45);
INSERT INTO BDD1_INVENTARIO VALUES (8,135,29);
INSERT INTO BDD1_INVENTARIO VALUES (6,128,26);
INSERT INTO BDD1_INVENTARIO VALUES (8,117,57);
INSERT INTO BDD1_INVENTARIO VALUES (1,70,75);
INSERT INTO BDD1_INVENTARIO VALUES (1,68,15);
INSERT INTO BDD1_INVENTARIO VALUES (3,179,55);
INSERT INTO BDD1_INVENTARIO VALUES (9,37,59);
INSERT INTO BDD1_INVENTARIO VALUES (3,195,49);
INSERT INTO BDD1_INVENTARIO VALUES (2,111,65);
INSERT INTO BDD1_INVENTARIO VALUES (2,56,20);
INSERT INTO BDD1_INVENTARIO VALUES (8,42,41);
INSERT INTO BDD1_INVENTARIO VALUES (2,4,49);
INSERT INTO BDD1_INVENTARIO VALUES (8,100,55);
INSERT INTO BDD1_INVENTARIO VALUES (9,124,20);
INSERT INTO BDD1_INVENTARIO VALUES (9,113,31);
INSERT INTO BDD1_INVENTARIO VALUES (4,18,47);
INSERT INTO BDD1_INVENTARIO VALUES (5,11,57);
INSERT INTO BDD1_INVENTARIO VALUES (7,156,67);
INSERT INTO BDD1_INVENTARIO VALUES (2,97,68);
INSERT INTO BDD1_INVENTARIO VALUES (3,163,50);
INSERT INTO BDD1_INVENTARIO VALUES (10,189,68);
INSERT INTO BDD1_INVENTARIO VALUES (8,115,37);
INSERT INTO BDD1_INVENTARIO VALUES (10,54,48);
INSERT INTO BDD1_INVENTARIO VALUES (6,195,54);
INSERT INTO BDD1_INVENTARIO VALUES (9,90,37);
INSERT INTO BDD1_INVENTARIO VALUES (8,51,25);
INSERT INTO BDD1_INVENTARIO VALUES (2,110,41);
INSERT INTO BDD1_INVENTARIO VALUES (8,26,21);
INSERT INTO BDD1_INVENTARIO VALUES (5,87,11);
INSERT INTO BDD1_INVENTARIO VALUES (10,35,56);
INSERT INTO BDD1_INVENTARIO VALUES (10,164,27);
INSERT INTO BDD1_INVENTARIO VALUES (6,26,30);
INSERT INTO BDD1_INVENTARIO VALUES (10,185,74);
INSERT INTO BDD1_INVENTARIO VALUES (2,5,41);
INSERT INTO BDD1_INVENTARIO VALUES (3,127,34);
INSERT INTO BDD1_INVENTARIO VALUES (2,16,73);
INSERT INTO BDD1_INVENTARIO VALUES (4,86,24);
INSERT INTO BDD1_INVENTARIO VALUES (7,45,23);
INSERT INTO BDD1_INVENTARIO VALUES (1,87,53);
INSERT INTO BDD1_INVENTARIO VALUES (1,62,47);
INSERT INTO BDD1_INVENTARIO VALUES (10,137,37);
INSERT INTO BDD1_INVENTARIO VALUES (6,136,47);
INSERT INTO BDD1_INVENTARIO VALUES (7,113,57);
INSERT INTO BDD1_INVENTARIO VALUES (7,146,59);
INSERT INTO BDD1_INVENTARIO VALUES (8,112,20);
INSERT INTO BDD1_INVENTARIO VALUES (2,13,26);
INSERT INTO BDD1_INVENTARIO VALUES (6,38,56);
INSERT INTO BDD1_INVENTARIO VALUES (7,7,46);
INSERT INTO BDD1_INVENTARIO VALUES (5,112,57);
INSERT INTO BDD1_INVENTARIO VALUES (2,149,51);
INSERT INTO BDD1_INVENTARIO VALUES (2,75,55);
INSERT INTO BDD1_INVENTARIO VALUES (5,81,29);
INSERT INTO BDD1_INVENTARIO VALUES (3,193,24);
INSERT INTO BDD1_INVENTARIO VALUES (2,125,64);
INSERT INTO BDD1_INVENTARIO VALUES (6,129,60);
INSERT INTO BDD1_INVENTARIO VALUES (1,35,64);
INSERT INTO BDD1_INVENTARIO VALUES (1,139,57);
INSERT INTO BDD1_INVENTARIO VALUES (10,92,43);
INSERT INTO BDD1_INVENTARIO VALUES (5,80,24);
INSERT INTO BDD1_INVENTARIO VALUES (6,123,65);
INSERT INTO BDD1_INVENTARIO VALUES (5,34,12);
INSERT INTO BDD1_INVENTARIO VALUES (7,86,23);
INSERT INTO BDD1_INVENTARIO VALUES (10,194,64);
INSERT INTO BDD1_INVENTARIO VALUES (7,149,47);
INSERT INTO BDD1_INVENTARIO VALUES (7,108,55);
INSERT INTO BDD1_INVENTARIO VALUES (8,45,22);
INSERT INTO BDD1_INVENTARIO VALUES (1,127,31);
INSERT INTO BDD1_INVENTARIO VALUES (3,100,57);
INSERT INTO BDD1_INVENTARIO VALUES (6,86,44);
INSERT INTO BDD1_INVENTARIO VALUES (8,14,53);
INSERT INTO BDD1_INVENTARIO VALUES (1,45,25);
INSERT INTO BDD1_INVENTARIO VALUES (9,6,24);
INSERT INTO BDD1_INVENTARIO VALUES (6,92,50);
INSERT INTO BDD1_INVENTARIO VALUES (6,98,46);
INSERT INTO BDD1_INVENTARIO VALUES (1,133,29);
INSERT INTO BDD1_INVENTARIO VALUES (9,38,70);
INSERT INTO BDD1_INVENTARIO VALUES (2,139,65);
INSERT INTO BDD1_INVENTARIO VALUES (7,67,36);
INSERT INTO BDD1_INVENTARIO VALUES (2,176,56);
INSERT INTO BDD1_INVENTARIO VALUES (7,44,54);
INSERT INTO BDD1_INVENTARIO VALUES (7,53,25);
INSERT INTO BDD1_INVENTARIO VALUES (4,22,11);
INSERT INTO BDD1_INVENTARIO VALUES (5,106,19);
INSERT INTO BDD1_INVENTARIO VALUES (9,56,66);
INSERT INTO BDD1_INVENTARIO VALUES (6,44,44);
INSERT INTO BDD1_INVENTARIO VALUES (10,84,27);
INSERT INTO BDD1_INVENTARIO VALUES (2,197,25);
INSERT INTO BDD1_INVENTARIO VALUES (4,66,63);
INSERT INTO BDD1_INVENTARIO VALUES (6,41,57);
INSERT INTO BDD1_INVENTARIO VALUES (5,69,25);
INSERT INTO BDD1_INVENTARIO VALUES (9,193,36);
INSERT INTO BDD1_INVENTARIO VALUES (8,120,71);
INSERT INTO BDD1_INVENTARIO VALUES (1,9,64);
INSERT INTO BDD1_INVENTARIO VALUES (9,152,61);
INSERT INTO BDD1_INVENTARIO VALUES (1,177,46);
INSERT INTO BDD1_INVENTARIO VALUES (5,12,44);
INSERT INTO BDD1_INVENTARIO VALUES (4,140,10);
INSERT INTO BDD1_INVENTARIO VALUES (10,11,13);
INSERT INTO BDD1_INVENTARIO VALUES (3,145,28);
INSERT INTO BDD1_INVENTARIO VALUES (1,33,56);
INSERT INTO BDD1_INVENTARIO VALUES (5,108,53);
INSERT INTO BDD1_INVENTARIO VALUES (8,183,30);
INSERT INTO BDD1_INVENTARIO VALUES (9,45,41);
INSERT INTO BDD1_INVENTARIO VALUES (4,52,37);
INSERT INTO BDD1_INVENTARIO VALUES (7,145,24);
INSERT INTO BDD1_INVENTARIO VALUES (6,167,58);
INSERT INTO BDD1_INVENTARIO VALUES (5,182,50);
INSERT INTO BDD1_INVENTARIO VALUES (10,145,62);
INSERT INTO BDD1_INVENTARIO VALUES (8,8,44);
INSERT INTO BDD1_INVENTARIO VALUES (10,81,55);
INSERT INTO BDD1_INVENTARIO VALUES (10,130,15);
INSERT INTO BDD1_INVENTARIO VALUES (2,42,70);
INSERT INTO BDD1_INVENTARIO VALUES (8,191,63);
INSERT INTO BDD1_INVENTARIO VALUES (5,65,24);
INSERT INTO BDD1_INVENTARIO VALUES (3,31,69);
INSERT INTO BDD1_INVENTARIO VALUES (10,186,72);
INSERT INTO BDD1_INVENTARIO VALUES (6,28,23);
INSERT INTO BDD1_INVENTARIO VALUES (9,12,52);
INSERT INTO BDD1_INVENTARIO VALUES (9,125,31);
INSERT INTO BDD1_INVENTARIO VALUES (8,136,71);
INSERT INTO BDD1_INVENTARIO VALUES (9,128,75);
INSERT INTO BDD1_INVENTARIO VALUES (8,188,22);
INSERT INTO BDD1_INVENTARIO VALUES (1,145,73);
INSERT INTO BDD1_INVENTARIO VALUES (3,52,49);
INSERT INTO BDD1_INVENTARIO VALUES (5,51,57);
INSERT INTO BDD1_INVENTARIO VALUES (6,39,29);
INSERT INTO BDD1_INVENTARIO VALUES (8,37,19);
INSERT INTO BDD1_INVENTARIO VALUES (5,197,18);
INSERT INTO BDD1_INVENTARIO VALUES (8,130,17);
INSERT INTO BDD1_INVENTARIO VALUES (9,186,72);
INSERT INTO BDD1_INVENTARIO VALUES (10,111,54);
INSERT INTO BDD1_INVENTARIO VALUES (1,34,65);
INSERT INTO BDD1_INVENTARIO VALUES (9,158,71);
INSERT INTO BDD1_INVENTARIO VALUES (5,191,45);
INSERT INTO BDD1_INVENTARIO VALUES (10,162,70);
INSERT INTO BDD1_INVENTARIO VALUES (3,78,53);
INSERT INTO BDD1_INVENTARIO VALUES (1,124,16);
INSERT INTO BDD1_INVENTARIO VALUES (5,200,38);
INSERT INTO BDD1_INVENTARIO VALUES (10,30,56);
INSERT INTO BDD1_INVENTARIO VALUES (1,26,72);
INSERT INTO BDD1_INVENTARIO VALUES (9,23,45);
INSERT INTO BDD1_INVENTARIO VALUES (7,24,66);
INSERT INTO BDD1_INVENTARIO VALUES (3,153,12);
INSERT INTO BDD1_INVENTARIO VALUES (5,37,25);
INSERT INTO BDD1_INVENTARIO VALUES (5,84,19);
INSERT INTO BDD1_INVENTARIO VALUES (1,165,60);
INSERT INTO BDD1_INVENTARIO VALUES (7,167,59);
INSERT INTO BDD1_INVENTARIO VALUES (8,23,43);
INSERT INTO BDD1_INVENTARIO VALUES (4,46,43);
INSERT INTO BDD1_INVENTARIO VALUES (6,77,22);
INSERT INTO BDD1_INVENTARIO VALUES (6,171,68);
INSERT INTO BDD1_INVENTARIO VALUES (3,199,69);
INSERT INTO BDD1_INVENTARIO VALUES (8,172,14);
INSERT INTO BDD1_INVENTARIO VALUES (3,136,31);
INSERT INTO BDD1_INVENTARIO VALUES (5,115,47);
INSERT INTO BDD1_INVENTARIO VALUES (10,127,27);
INSERT INTO BDD1_INVENTARIO VALUES (9,15,47);
INSERT INTO BDD1_INVENTARIO VALUES (4,50,29);
INSERT INTO BDD1_INVENTARIO VALUES (6,11,68);
INSERT INTO BDD1_INVENTARIO VALUES (6,55,13);
INSERT INTO BDD1_INVENTARIO VALUES (10,51,17);
INSERT INTO BDD1_INVENTARIO VALUES (7,197,71);
INSERT INTO BDD1_INVENTARIO VALUES (10,50,62);
INSERT INTO BDD1_INVENTARIO VALUES (4,169,18);
INSERT INTO BDD1_INVENTARIO VALUES (8,75,66);
INSERT INTO BDD1_INVENTARIO VALUES (2,131,36);
INSERT INTO BDD1_INVENTARIO VALUES (3,8,23);
INSERT INTO BDD1_INVENTARIO VALUES (6,64,63);
INSERT INTO BDD1_INVENTARIO VALUES (3,19,41);
INSERT INTO BDD1_INVENTARIO VALUES (5,177,45);
INSERT INTO BDD1_INVENTARIO VALUES (4,108,33);
INSERT INTO BDD1_INVENTARIO VALUES (9,112,52);
INSERT INTO BDD1_INVENTARIO VALUES (6,117,38);
INSERT INTO BDD1_INVENTARIO VALUES (5,158,38);
INSERT INTO BDD1_INVENTARIO VALUES (10,116,42);
INSERT INTO BDD1_INVENTARIO VALUES (1,189,10);
INSERT INTO BDD1_INVENTARIO VALUES (7,160,19);
INSERT INTO BDD1_INVENTARIO VALUES (1,158,23);
INSERT INTO BDD1_INVENTARIO VALUES (3,185,38);
INSERT INTO BDD1_INVENTARIO VALUES (5,89,29);
INSERT INTO BDD1_INVENTARIO VALUES (10,166,36);
INSERT INTO BDD1_INVENTARIO VALUES (2,109,66);
INSERT INTO BDD1_INVENTARIO VALUES (6,178,19);
INSERT INTO BDD1_INVENTARIO VALUES (6,57,48);
INSERT INTO BDD1_INVENTARIO VALUES (1,157,60);
INSERT INTO BDD1_INVENTARIO VALUES (7,99,57);
INSERT INTO BDD1_INVENTARIO VALUES (2,55,33);
INSERT INTO BDD1_INVENTARIO VALUES (8,90,21);
INSERT INTO BDD1_INVENTARIO VALUES (2,72,49);
INSERT INTO BDD1_INVENTARIO VALUES (6,61,74);
INSERT INTO BDD1_INVENTARIO VALUES (9,59,55);
INSERT INTO BDD1_INVENTARIO VALUES (2,138,41);
INSERT INTO BDD1_INVENTARIO VALUES (10,66,37);
INSERT INTO BDD1_INVENTARIO VALUES (7,12,46);
INSERT INTO BDD1_INVENTARIO VALUES (9,198,50);
INSERT INTO BDD1_INVENTARIO VALUES (5,129,46);
INSERT INTO BDD1_INVENTARIO VALUES (1,200,13);
INSERT INTO BDD1_INVENTARIO VALUES (2,116,46);
INSERT INTO BDD1_INVENTARIO VALUES (8,53,21);
INSERT INTO BDD1_INVENTARIO VALUES (7,71,49);
INSERT INTO BDD1_INVENTARIO VALUES (9,22,22);
INSERT INTO BDD1_INVENTARIO VALUES (6,131,51);
INSERT INTO BDD1_INVENTARIO VALUES (2,21,60);
INSERT INTO BDD1_INVENTARIO VALUES (3,176,71);
INSERT INTO BDD1_INVENTARIO VALUES (4,157,51);
INSERT INTO BDD1_INVENTARIO VALUES (10,10,45);
INSERT INTO BDD1_INVENTARIO VALUES (7,172,21);
INSERT INTO BDD1_INVENTARIO VALUES (4,70,72);
INSERT INTO BDD1_INVENTARIO VALUES (6,193,44);
INSERT INTO BDD1_INVENTARIO VALUES (2,113,44);
INSERT INTO BDD1_INVENTARIO VALUES (6,192,71);
INSERT INTO BDD1_INVENTARIO VALUES (9,146,29);
INSERT INTO BDD1_INVENTARIO VALUES (1,103,57);
INSERT INTO BDD1_INVENTARIO VALUES (1,59,19);
INSERT INTO BDD1_INVENTARIO VALUES (2,136,32);
INSERT INTO BDD1_INVENTARIO VALUES (8,67,43);
INSERT INTO BDD1_INVENTARIO VALUES (2,133,62);
INSERT INTO BDD1_INVENTARIO VALUES (5,76,32);
INSERT INTO BDD1_INVENTARIO VALUES (1,194,43);
INSERT INTO BDD1_INVENTARIO VALUES (9,171,57);
INSERT INTO BDD1_INVENTARIO VALUES (6,90,62);
INSERT INTO BDD1_INVENTARIO VALUES (5,165,56);
INSERT INTO BDD1_INVENTARIO VALUES (2,127,56);
INSERT INTO BDD1_INVENTARIO VALUES (1,163,16);
INSERT INTO BDD1_INVENTARIO VALUES (10,161,25);
INSERT INTO BDD1_INVENTARIO VALUES (2,79,69);
INSERT INTO BDD1_INVENTARIO VALUES (8,18,67);
INSERT INTO BDD1_INVENTARIO VALUES (7,189,69);
INSERT INTO BDD1_INVENTARIO VALUES (8,139,30);
INSERT INTO BDD1_INVENTARIO VALUES (2,92,12);
INSERT INTO BDD1_INVENTARIO VALUES (10,69,32);
INSERT INTO BDD1_INVENTARIO VALUES (9,92,42);
INSERT INTO BDD1_INVENTARIO VALUES (4,94,61);
INSERT INTO BDD1_INVENTARIO VALUES (1,11,34);
INSERT INTO BDD1_INVENTARIO VALUES (7,72,72);
INSERT INTO BDD1_INVENTARIO VALUES (1,48,64);
INSERT INTO BDD1_INVENTARIO VALUES (2,96,55);
INSERT INTO BDD1_INVENTARIO VALUES (1,5,68);
INSERT INTO BDD1_INVENTARIO VALUES (6,73,45);
INSERT INTO BDD1_INVENTARIO VALUES (10,49,69);
INSERT INTO BDD1_INVENTARIO VALUES (8,106,43);
INSERT INTO BDD1_INVENTARIO VALUES (10,83,11);
INSERT INTO BDD1_INVENTARIO VALUES (1,91,29);
INSERT INTO BDD1_INVENTARIO VALUES (10,188,23);
INSERT INTO BDD1_INVENTARIO VALUES (8,108,19);
INSERT INTO BDD1_INVENTARIO VALUES (5,86,16);
INSERT INTO BDD1_INVENTARIO VALUES (3,44,50);
INSERT INTO BDD1_INVENTARIO VALUES (5,60,54);
INSERT INTO BDD1_INVENTARIO VALUES (3,41,13);
INSERT INTO BDD1_INVENTARIO VALUES (8,78,74);
INSERT INTO BDD1_INVENTARIO VALUES (5,9,44);
INSERT INTO BDD1_INVENTARIO VALUES (8,31,23);
INSERT INTO BDD1_INVENTARIO VALUES (6,80,50);
INSERT INTO BDD1_INVENTARIO VALUES (7,111,11);
INSERT INTO BDD1_INVENTARIO VALUES (2,31,47);
INSERT INTO BDD1_INVENTARIO VALUES (8,30,51);
INSERT INTO BDD1_INVENTARIO VALUES (10,29,74);
INSERT INTO BDD1_INVENTARIO VALUES (5,23,73);
INSERT INTO BDD1_INVENTARIO VALUES (6,23,16);
INSERT INTO BDD1_INVENTARIO VALUES (4,158,20);
INSERT INTO BDD1_INVENTARIO VALUES (7,110,14);
INSERT INTO BDD1_INVENTARIO VALUES (8,17,57);
INSERT INTO BDD1_INVENTARIO VALUES (10,72,12);
INSERT INTO BDD1_INVENTARIO VALUES (8,41,17);
INSERT INTO BDD1_INVENTARIO VALUES (4,141,36);
INSERT INTO BDD1_INVENTARIO VALUES (6,184,65);
INSERT INTO BDD1_INVENTARIO VALUES (10,18,71);
INSERT INTO BDD1_INVENTARIO VALUES (10,121,34);
INSERT INTO BDD1_INVENTARIO VALUES (6,135,52);
INSERT INTO BDD1_INVENTARIO VALUES (4,161,29);
INSERT INTO BDD1_INVENTARIO VALUES (8,126,30);
INSERT INTO BDD1_INVENTARIO VALUES (9,129,40);
INSERT INTO BDD1_INVENTARIO VALUES (2,39,57);
INSERT INTO BDD1_INVENTARIO VALUES (9,85,67);
INSERT INTO BDD1_INVENTARIO VALUES (5,4,72);
INSERT INTO BDD1_INVENTARIO VALUES (10,90,12);
INSERT INTO BDD1_INVENTARIO VALUES (6,82,27);
INSERT INTO BDD1_INVENTARIO VALUES (4,156,53);
INSERT INTO BDD1_INVENTARIO VALUES (9,39,13);
INSERT INTO BDD1_INVENTARIO VALUES (8,154,34);
INSERT INTO BDD1_INVENTARIO VALUES (6,97,56);
INSERT INTO BDD1_INVENTARIO VALUES (5,111,75);
INSERT INTO BDD1_INVENTARIO VALUES (8,97,56);
INSERT INTO BDD1_INVENTARIO VALUES (9,162,64);
INSERT INTO BDD1_INVENTARIO VALUES (8,49,33);
INSERT INTO BDD1_INVENTARIO VALUES (5,47,43);
INSERT INTO BDD1_INVENTARIO VALUES (1,38,63);
INSERT INTO BDD1_INVENTARIO VALUES (6,138,72);
INSERT INTO BDD1_INVENTARIO VALUES (6,96,39);
INSERT INTO BDD1_INVENTARIO VALUES (6,50,36);
INSERT INTO BDD1_INVENTARIO VALUES (2,23,39);
INSERT INTO BDD1_INVENTARIO VALUES (6,12,29);
INSERT INTO BDD1_INVENTARIO VALUES (9,4,32);
INSERT INTO BDD1_INVENTARIO VALUES (4,37,38);
INSERT INTO BDD1_INVENTARIO VALUES (10,80,66);
INSERT INTO BDD1_INVENTARIO VALUES (9,140,10);
INSERT INTO BDD1_INVENTARIO VALUES (10,178,66);
INSERT INTO BDD1_INVENTARIO VALUES (4,76,37);
INSERT INTO BDD1_INVENTARIO VALUES (8,9,12);
INSERT INTO BDD1_INVENTARIO VALUES (5,171,31);
INSERT INTO BDD1_INVENTARIO VALUES (1,71,28);
INSERT INTO BDD1_INVENTARIO VALUES (5,103,29);
INSERT INTO BDD1_INVENTARIO VALUES (5,139,26);
INSERT INTO BDD1_INVENTARIO VALUES (3,58,15);
INSERT INTO BDD1_INVENTARIO VALUES (3,50,42);
INSERT INTO BDD1_INVENTARIO VALUES (4,44,26);
INSERT INTO BDD1_INVENTARIO VALUES (7,46,53);
INSERT INTO BDD1_INVENTARIO VALUES (1,89,16);
INSERT INTO BDD1_INVENTARIO VALUES (7,2,27);
INSERT INTO BDD1_INVENTARIO VALUES (4,91,67);
INSERT INTO BDD1_INVENTARIO VALUES (5,54,13);
INSERT INTO BDD1_INVENTARIO VALUES (6,115,16);
INSERT INTO BDD1_INVENTARIO VALUES (5,187,58);
INSERT INTO BDD1_INVENTARIO VALUES (6,146,42);
INSERT INTO BDD1_INVENTARIO VALUES (1,143,68);
INSERT INTO BDD1_INVENTARIO VALUES (2,107,21);
INSERT INTO BDD1_INVENTARIO VALUES (6,186,18);
INSERT INTO BDD1_INVENTARIO VALUES (10,12,34);
INSERT INTO BDD1_INVENTARIO VALUES (7,22,68);
INSERT INTO BDD1_INVENTARIO VALUES (8,73,74);
INSERT INTO BDD1_INVENTARIO VALUES (7,177,63);
INSERT INTO BDD1_INVENTARIO VALUES (8,164,41);
INSERT INTO BDD1_INVENTARIO VALUES (3,154,71);
INSERT INTO BDD1_INVENTARIO VALUES (2,199,63);
INSERT INTO BDD1_INVENTARIO VALUES (7,175,11);
INSERT INTO BDD1_INVENTARIO VALUES (4,114,30);
INSERT INTO BDD1_INVENTARIO VALUES (9,20,66);
INSERT INTO BDD1_INVENTARIO VALUES (9,24,22);
INSERT INTO BDD1_INVENTARIO VALUES (4,71,63);
INSERT INTO BDD1_INVENTARIO VALUES (6,45,11);
INSERT INTO BDD1_INVENTARIO VALUES (4,176,68);
INSERT INTO BDD1_INVENTARIO VALUES (8,200,63);
INSERT INTO BDD1_INVENTARIO VALUES (10,59,29);
INSERT INTO BDD1_INVENTARIO VALUES (5,138,64);
INSERT INTO BDD1_INVENTARIO VALUES (9,100,12);
INSERT INTO BDD1_INVENTARIO VALUES (3,128,73);
INSERT INTO BDD1_INVENTARIO VALUES (10,138,37);
INSERT INTO BDD1_INVENTARIO VALUES (6,127,12);
INSERT INTO BDD1_INVENTARIO VALUES (10,197,10);
INSERT INTO BDD1_INVENTARIO VALUES (10,89,38);
INSERT INTO BDD1_INVENTARIO VALUES (10,47,65);
INSERT INTO BDD1_INVENTARIO VALUES (8,84,50);
INSERT INTO BDD1_INVENTARIO VALUES (7,155,20);
INSERT INTO BDD1_INVENTARIO VALUES (1,188,42);
INSERT INTO BDD1_INVENTARIO VALUES (6,52,55);
INSERT INTO BDD1_INVENTARIO VALUES (1,111,18);
INSERT INTO BDD1_INVENTARIO VALUES (7,183,28);
INSERT INTO BDD1_INVENTARIO VALUES (4,104,17);
INSERT INTO BDD1_INVENTARIO VALUES (1,31,52);
INSERT INTO BDD1_INVENTARIO VALUES (3,53,29);
INSERT INTO BDD1_INVENTARIO VALUES (4,125,21);
INSERT INTO BDD1_INVENTARIO VALUES (3,125,67);
INSERT INTO BDD1_INVENTARIO VALUES (1,159,48);
INSERT INTO BDD1_INVENTARIO VALUES (7,107,58);
INSERT INTO BDD1_INVENTARIO VALUES (10,15,23);
INSERT INTO BDD1_INVENTARIO VALUES (3,6,27);
INSERT INTO BDD1_INVENTARIO VALUES (6,100,64);
INSERT INTO BDD1_INVENTARIO VALUES (2,86,38);
INSERT INTO BDD1_INVENTARIO VALUES (9,170,24);
INSERT INTO BDD1_INVENTARIO VALUES (9,188,69);
INSERT INTO BDD1_INVENTARIO VALUES (5,17,29);
INSERT INTO BDD1_INVENTARIO VALUES (2,106,69);
INSERT INTO BDD1_INVENTARIO VALUES (8,74,58);
INSERT INTO BDD1_INVENTARIO VALUES (4,107,47);
INSERT INTO BDD1_INVENTARIO VALUES (2,192,19);
INSERT INTO BDD1_INVENTARIO VALUES (3,170,42);
INSERT INTO BDD1_INVENTARIO VALUES (6,199,56);
INSERT INTO BDD1_INVENTARIO VALUES (5,135,43);
INSERT INTO BDD1_INVENTARIO VALUES (7,79,18);
INSERT INTO BDD1_INVENTARIO VALUES (5,71,21);
INSERT INTO BDD1_INVENTARIO VALUES (1,46,20);
INSERT INTO BDD1_INVENTARIO VALUES (10,61,74);
INSERT INTO BDD1_INVENTARIO VALUES (3,152,60);
INSERT INTO BDD1_INVENTARIO VALUES (10,142,17);
INSERT INTO BDD1_INVENTARIO VALUES (1,1,51);
INSERT INTO BDD1_INVENTARIO VALUES (6,118,29);
INSERT INTO BDD1_INVENTARIO VALUES (4,155,36);
INSERT INTO BDD1_INVENTARIO VALUES (6,31,59);
INSERT INTO BDD1_INVENTARIO VALUES (9,25,61);
INSERT INTO BDD1_INVENTARIO VALUES (1,162,46);
INSERT INTO BDD1_INVENTARIO VALUES (3,25,64);
INSERT INTO BDD1_INVENTARIO VALUES (10,2,28);
INSERT INTO BDD1_INVENTARIO VALUES (2,84,36);
INSERT INTO BDD1_INVENTARIO VALUES (2,123,28);
INSERT INTO BDD1_INVENTARIO VALUES (1,56,40);
INSERT INTO BDD1_INVENTARIO VALUES (3,116,62);
INSERT INTO BDD1_INVENTARIO VALUES (2,58,72);
INSERT INTO BDD1_INVENTARIO VALUES (1,81,37);
INSERT INTO BDD1_INVENTARIO VALUES (8,60,10);
INSERT INTO BDD1_INVENTARIO VALUES (10,192,28);
INSERT INTO BDD1_INVENTARIO VALUES (5,15,47);
INSERT INTO BDD1_INVENTARIO VALUES (5,68,66);
INSERT INTO BDD1_INVENTARIO VALUES (10,8,74);
INSERT INTO BDD1_INVENTARIO VALUES (5,99,66);
INSERT INTO BDD1_INVENTARIO VALUES (2,43,53);
INSERT INTO BDD1_INVENTARIO VALUES (8,107,57);
INSERT INTO BDD1_INVENTARIO VALUES (2,62,56);
INSERT INTO BDD1_INVENTARIO VALUES (7,178,36);
INSERT INTO BDD1_INVENTARIO VALUES (6,170,60);
INSERT INTO BDD1_INVENTARIO VALUES (2,60,64);
INSERT INTO BDD1_INVENTARIO VALUES (3,20,19);
INSERT INTO BDD1_INVENTARIO VALUES (3,74,41);
INSERT INTO BDD1_INVENTARIO VALUES (3,72,43);
INSERT INTO BDD1_INVENTARIO VALUES (5,18,66);
INSERT INTO BDD1_INVENTARIO VALUES (6,91,37);
INSERT INTO BDD1_INVENTARIO VALUES (1,75,55);
INSERT INTO BDD1_INVENTARIO VALUES (7,117,43);
INSERT INTO BDD1_INVENTARIO VALUES (3,151,11);
INSERT INTO BDD1_INVENTARIO VALUES (4,103,26);
INSERT INTO BDD1_INVENTARIO VALUES (2,200,47);
INSERT INTO BDD1_INVENTARIO VALUES (2,135,60);
INSERT INTO BDD1_INVENTARIO VALUES (5,110,63);
INSERT INTO BDD1_INVENTARIO VALUES (8,177,57);
INSERT INTO BDD1_INVENTARIO VALUES (7,15,30);
INSERT INTO BDD1_INVENTARIO VALUES (10,58,63);
INSERT INTO BDD1_INVENTARIO VALUES (6,25,27);
INSERT INTO BDD1_INVENTARIO VALUES (9,115,20);
INSERT INTO BDD1_INVENTARIO VALUES (1,96,38);
INSERT INTO BDD1_INVENTARIO VALUES (6,71,15);
INSERT INTO BDD1_INVENTARIO VALUES (1,50,62);
INSERT INTO BDD1_INVENTARIO VALUES (8,109,53);
INSERT INTO BDD1_INVENTARIO VALUES (5,93,17);
INSERT INTO BDD1_INVENTARIO VALUES (8,39,70);
INSERT INTO BDD1_INVENTARIO VALUES (7,191,57);
INSERT INTO BDD1_INVENTARIO VALUES (7,1,75);
INSERT INTO BDD1_INVENTARIO VALUES (1,140,13);
INSERT INTO BDD1_INVENTARIO VALUES (9,95,60);
INSERT INTO BDD1_INVENTARIO VALUES (3,24,41);
INSERT INTO BDD1_INVENTARIO VALUES (6,169,38);
INSERT INTO BDD1_INVENTARIO VALUES (8,153,59);
INSERT INTO BDD1_INVENTARIO VALUES (1,74,18);
INSERT INTO BDD1_INVENTARIO VALUES (6,22,10);
INSERT INTO BDD1_INVENTARIO VALUES (9,110,15);
INSERT INTO BDD1_INVENTARIO VALUES (9,195,25);
INSERT INTO BDD1_INVENTARIO VALUES (2,87,35);
INSERT INTO BDD1_INVENTARIO VALUES (9,65,28);
INSERT INTO BDD1_INVENTARIO VALUES (10,104,12);
INSERT INTO BDD1_INVENTARIO VALUES (10,21,52);
INSERT INTO BDD1_INVENTARIO VALUES (3,166,51);
INSERT INTO BDD1_INVENTARIO VALUES (10,88,46);
INSERT INTO BDD1_INVENTARIO VALUES (8,79,36);
INSERT INTO BDD1_INVENTARIO VALUES (8,46,45);
INSERT INTO BDD1_INVENTARIO VALUES (8,86,68);
INSERT INTO BDD1_INVENTARIO VALUES (8,22,64);
INSERT INTO BDD1_INVENTARIO VALUES (10,77,61);


-- BDD1_EMPLE_X_FARMACIA

INSERT INTO BDD1_EMPLE_X_FARMACIA VALUES (1,1,'1/01/2005','31/12/2008');
INSERT INTO BDD1_EMPLE_X_FARMACIA VALUES (2,1,'1/01/2009','1/11/2012');
INSERT INTO BDD1_EMPLE_X_FARMACIA VALUES (3,1,'2/11/2012','9/04/2013');
INSERT INTO BDD1_EMPLE_X_FARMACIA VALUES (4,1,'10/04/2013','9/01/2014');
INSERT INTO BDD1_EMPLE_X_FARMACIA VALUES (5,1,'10/01/2014','20/09/2015');
INSERT INTO BDD1_EMPLE_X_FARMACIA VALUES (6,1,'21/09/2015',NULL);

INSERT INTO BDD1_EMPLE_X_FARMACIA VALUES (1,2,'1/02/2012','1/03/2012');
INSERT INTO BDD1_EMPLE_X_FARMACIA VALUES (2,2,'2/03/2012','14/04/2012');
INSERT INTO BDD1_EMPLE_X_FARMACIA VALUES (3,2,'15/04/2012','15/04/2012');
INSERT INTO BDD1_EMPLE_X_FARMACIA VALUES (4,2,'16/04/2012','6/05/2012');
INSERT INTO BDD1_EMPLE_X_FARMACIA VALUES (5,2,'7/05/2012','14/06/2012');
INSERT INTO BDD1_EMPLE_X_FARMACIA VALUES (6,2,'15/06/2012','23/06/2012');
INSERT INTO BDD1_EMPLE_X_FARMACIA VALUES (7,2,'24/06/2012','12/07/2012');
INSERT INTO BDD1_EMPLE_X_FARMACIA VALUES (8,2,'13/07/2012','23/10/2012');
INSERT INTO BDD1_EMPLE_X_FARMACIA VALUES (9,2,'24/10/2012','2/01/2013');
INSERT INTO BDD1_EMPLE_X_FARMACIA VALUES (10,2,'3/01/2013',NULL);

INSERT INTO BDD1_EMPLE_X_FARMACIA VALUES (1,3,'3/01/2013',NULL);

INSERT INTO BDD1_EMPLE_X_FARMACIA VALUES (1,4,'24/09/2014','23/09/2014');
INSERT INTO BDD1_EMPLE_X_FARMACIA VALUES (2,4,'2/12/2015','1/12/2015');
INSERT INTO BDD1_EMPLE_X_FARMACIA VALUES (3,4,'3/12/2015','2/12/2015');
INSERT INTO BDD1_EMPLE_X_FARMACIA VALUES (4,4,'10/02/2016','9/02/2016');
INSERT INTO BDD1_EMPLE_X_FARMACIA VALUES (5,4,'11/02/2016','10/02/2016');
INSERT INTO BDD1_EMPLE_X_FARMACIA VALUES (6,4,'17/02/2016','16/02/2016');
INSERT INTO BDD1_EMPLE_X_FARMACIA VALUES (7,4,'18/02/2016','17/02/2016');
INSERT INTO BDD1_EMPLE_X_FARMACIA VALUES (8,4,'29/03/2016','28/03/2016');
INSERT INTO BDD1_EMPLE_X_FARMACIA VALUES (9,4,'2/06/2016','1/06/2016');
INSERT INTO BDD1_EMPLE_X_FARMACIA VALUES (10,4,'3/06/2016','2/06/2016');
INSERT INTO BDD1_EMPLE_X_FARMACIA VALUES (1,4,'12/06/2016','11/06/2016');
INSERT INTO BDD1_EMPLE_X_FARMACIA VALUES (2,4,'13/06/2016','12/06/2016');
INSERT INTO BDD1_EMPLE_X_FARMACIA VALUES (3,4,'30/08/2017','29/08/2017');
INSERT INTO BDD1_EMPLE_X_FARMACIA VALUES (4,4,'31/08/2017','30/08/2017');
INSERT INTO BDD1_EMPLE_X_FARMACIA VALUES (5,4,'8/05/2018','7/05/2018');
INSERT INTO BDD1_EMPLE_X_FARMACIA VALUES (6,4,'9/05/2018','8/05/2018');
INSERT INTO BDD1_EMPLE_X_FARMACIA VALUES (7,4,'24/09/2018','23/09/2018');
INSERT INTO BDD1_EMPLE_X_FARMACIA VALUES (8,4,'25/09/2018','24/09/2018');
INSERT INTO BDD1_EMPLE_X_FARMACIA VALUES (9,4,'12/12/2018','11/12/2018');
INSERT INTO BDD1_EMPLE_X_FARMACIA VALUES (10,4,'13/12/2018','12/12/2018');
INSERT INTO BDD1_EMPLE_X_FARMACIA VALUES (1,4,'7/03/2019','6/03/2019');
INSERT INTO BDD1_EMPLE_X_FARMACIA VALUES (2,4,'8/03/2019','7/03/2019');
INSERT INTO BDD1_EMPLE_X_FARMACIA VALUES (3,4,'10/04/2019','9/04/2019');
INSERT INTO BDD1_EMPLE_X_FARMACIA VALUES (4,4,'11/04/2019','10/04/2019');
INSERT INTO BDD1_EMPLE_X_FARMACIA VALUES (5,4,'8/06/2020',NULL);

INSERT INTO BDD1_EMPLE_X_FARMACIA VALUES (1,5,'3/02/2012','11/03/2012');
INSERT INTO BDD1_EMPLE_X_FARMACIA VALUES (2,5,'12/03/2012','1/12/2012');
INSERT INTO BDD1_EMPLE_X_FARMACIA VALUES (3,5,'2/12/2012','3/12/2012');
INSERT INTO BDD1_EMPLE_X_FARMACIA VALUES (4,5,'4/12/2012','6/08/2013');
INSERT INTO BDD1_EMPLE_X_FARMACIA VALUES (5,5,'7/08/2013','17/02/2015');
INSERT INTO BDD1_EMPLE_X_FARMACIA VALUES (6,5,'18/02/2015','5/12/2016');
INSERT INTO BDD1_EMPLE_X_FARMACIA VALUES (7,5,'6/12/2016','6/12/2016');
INSERT INTO BDD1_EMPLE_X_FARMACIA VALUES (8,5,'7/12/2016','13/06/2017');
INSERT INTO BDD1_EMPLE_X_FARMACIA VALUES (9,5,'14/06/2017',NULL);

INSERT INTO BDD1_EMPLE_X_FARMACIA VALUES (1,6,'3/02/2012','11/03/2012');
INSERT INTO BDD1_EMPLE_X_FARMACIA VALUES (2,6,'12/03/2012','3/11/2012');
INSERT INTO BDD1_EMPLE_X_FARMACIA VALUES (3,6,'4/11/2012','5/11/2012');
INSERT INTO BDD1_EMPLE_X_FARMACIA VALUES (4,6,'6/11/2012',NULL);

INSERT INTO BDD1_EMPLE_X_FARMACIA VALUES (1,7,'3/02/2012','12/03/2012');
INSERT INTO BDD1_EMPLE_X_FARMACIA VALUES (2,7,'13/03/2012','27/09/2012');
INSERT INTO BDD1_EMPLE_X_FARMACIA VALUES (3,7,'28/09/2012','5/11/2012');
INSERT INTO BDD1_EMPLE_X_FARMACIA VALUES (4,7,'6/11/2012','7/11/2012');
INSERT INTO BDD1_EMPLE_X_FARMACIA VALUES (5,7,'8/11/2012','12/06/2017');
INSERT INTO BDD1_EMPLE_X_FARMACIA VALUES (6,7,'13/06/2017','20/12/2020');
INSERT INTO BDD1_EMPLE_X_FARMACIA VALUES (7,7,'21/12/2020',NULL);

INSERT INTO BDD1_EMPLE_X_FARMACIA VALUES (1,8,'3/02/2012','12/03/2012');
INSERT INTO BDD1_EMPLE_X_FARMACIA VALUES (2,8,'13/03/2012','27/09/2012');
INSERT INTO BDD1_EMPLE_X_FARMACIA VALUES (3,8,'28/09/2012','15/10/2012');
INSERT INTO BDD1_EMPLE_X_FARMACIA VALUES (4,8,'16/10/2012','3/11/2012');
INSERT INTO BDD1_EMPLE_X_FARMACIA VALUES (5,8,'4/11/2012','5/11/2012');
INSERT INTO BDD1_EMPLE_X_FARMACIA VALUES (6,8,'6/11/2012','20/07/2014');
INSERT INTO BDD1_EMPLE_X_FARMACIA VALUES (7,8,'21/07/2014','22/05/2017');
INSERT INTO BDD1_EMPLE_X_FARMACIA VALUES (8,8,'23/05/2017','23/05/2017');
INSERT INTO BDD1_EMPLE_X_FARMACIA VALUES (9,8,'24/05/2017','30/10/2019');
INSERT INTO BDD1_EMPLE_X_FARMACIA VALUES (10,8,'31/10/2019','15/01/2020');
INSERT INTO BDD1_EMPLE_X_FARMACIA VALUES (2,8,'16/01/2020',NULL);

INSERT INTO BDD1_EMPLE_X_FARMACIA VALUES (1,9,'6/02/2012','30/03/2012');
INSERT INTO BDD1_EMPLE_X_FARMACIA VALUES (2,9,'31/03/2012','3/11/2012');
INSERT INTO BDD1_EMPLE_X_FARMACIA VALUES (3,9,'4/11/2012','5/11/2012');
INSERT INTO BDD1_EMPLE_X_FARMACIA VALUES (4,9,'6/11/2012','26/02/2017');
INSERT INTO BDD1_EMPLE_X_FARMACIA VALUES (5,9,'27/02/2017','31/05/2017');
INSERT INTO BDD1_EMPLE_X_FARMACIA VALUES (3,9,'1/06/2017',NULL);

INSERT INTO BDD1_EMPLE_X_FARMACIA VALUES (1,10,'6/02/2009','8/02/2009');
INSERT INTO BDD1_EMPLE_X_FARMACIA VALUES (2,10,'9/02/2009','31/01/2010');
INSERT INTO BDD1_EMPLE_X_FARMACIA VALUES (3,10,'1/02/2010','3/03/2013');
INSERT INTO BDD1_EMPLE_X_FARMACIA VALUES (4,10,'4/03/2013','11/03/2013');
INSERT INTO BDD1_EMPLE_X_FARMACIA VALUES (5,10,'12/03/2013','13/04/2016');
INSERT INTO BDD1_EMPLE_X_FARMACIA VALUES (6,10,'14/04/2016','11/05/2016');
INSERT INTO BDD1_EMPLE_X_FARMACIA VALUES (7,10,'12/05/2016','6/06/2016');
INSERT INTO BDD1_EMPLE_X_FARMACIA VALUES (3,10,'7/06/2016',NULL);

INSERT INTO BDD1_EMPLE_X_FARMACIA VALUES (1,11,'6/02/2009','8/02/2009');
INSERT INTO BDD1_EMPLE_X_FARMACIA VALUES (4,11,'9/02/2009','31/01/2010');
INSERT INTO BDD1_EMPLE_X_FARMACIA VALUES (7,11,'1/02/2010','3/03/2013');
INSERT INTO BDD1_EMPLE_X_FARMACIA VALUES (8,11,'4/03/2013','11/03/2013');
INSERT INTO BDD1_EMPLE_X_FARMACIA VALUES (4,11,'12/03/2013','13/04/2016');
INSERT INTO BDD1_EMPLE_X_FARMACIA VALUES (8,11,'14/04/2016','11/05/2016');
INSERT INTO BDD1_EMPLE_X_FARMACIA VALUES (3,11,'12/05/2016','6/06/2016');
INSERT INTO BDD1_EMPLE_X_FARMACIA VALUES (8,11,'7/06/2016',NULL);

INSERT INTO BDD1_EMPLE_X_FARMACIA VALUES (1,12,'16/02/2012','14/06/2012');
INSERT INTO BDD1_EMPLE_X_FARMACIA VALUES (2,12,'15/06/2012','23/06/2012');
INSERT INTO BDD1_EMPLE_X_FARMACIA VALUES (3,12,'24/06/2012','1/07/2012');
INSERT INTO BDD1_EMPLE_X_FARMACIA VALUES (4,12,'2/07/2012','29/07/2012');
INSERT INTO BDD1_EMPLE_X_FARMACIA VALUES (5,12,'29/07/2012','30/07/2012');
INSERT INTO BDD1_EMPLE_X_FARMACIA VALUES (6,12,'30/07/2012','22/10/2012');
INSERT INTO BDD1_EMPLE_X_FARMACIA VALUES (7,12,'22/10/2012','23/10/2012');
INSERT INTO BDD1_EMPLE_X_FARMACIA VALUES (8,12,'23/10/2012','28/02/2013');
INSERT INTO BDD1_EMPLE_X_FARMACIA VALUES (9,12,'1/03/2013','12/03/2013');
INSERT INTO BDD1_EMPLE_X_FARMACIA VALUES (10,12,'13/03/2013','15/04/2013');
INSERT INTO BDD1_EMPLE_X_FARMACIA VALUES (1,12,'16/04/2013','22/05/2013');
INSERT INTO BDD1_EMPLE_X_FARMACIA VALUES (2,12,'23/05/2013','20/06/2013');
INSERT INTO BDD1_EMPLE_X_FARMACIA VALUES (3,12,'21/06/2013','23/06/2013');
INSERT INTO BDD1_EMPLE_X_FARMACIA VALUES (4,12,'24/06/2013','22/07/2014');
INSERT INTO BDD1_EMPLE_X_FARMACIA VALUES (5,12,'23/07/2014','23/07/2014');
INSERT INTO BDD1_EMPLE_X_FARMACIA VALUES (6,12,'24/07/2014','26/11/2014');
INSERT INTO BDD1_EMPLE_X_FARMACIA VALUES (7,12,'27/11/2014','27/11/2014');
INSERT INTO BDD1_EMPLE_X_FARMACIA VALUES (8,12,'28/11/2014','16/12/2014');
INSERT INTO BDD1_EMPLE_X_FARMACIA VALUES (9,12,'17/12/2014','6/04/2015');
INSERT INTO BDD1_EMPLE_X_FARMACIA VALUES (10,12,'7/04/2015','13/04/2015');
INSERT INTO BDD1_EMPLE_X_FARMACIA VALUES (1,12,'14/04/2015','3/05/2015');
INSERT INTO BDD1_EMPLE_X_FARMACIA VALUES (2,12,'4/05/2015','18/11/2015');
INSERT INTO BDD1_EMPLE_X_FARMACIA VALUES (3,12,'19/11/2015','19/11/2015');
INSERT INTO BDD1_EMPLE_X_FARMACIA VALUES (4,12,'20/11/2015','29/11/2015');
INSERT INTO BDD1_EMPLE_X_FARMACIA VALUES (5,12,'30/11/2015','13/12/2015');
INSERT INTO BDD1_EMPLE_X_FARMACIA VALUES (6,12,'14/12/2015','17/01/2016');
INSERT INTO BDD1_EMPLE_X_FARMACIA VALUES (7,12,'18/01/2016','21/01/2016');
INSERT INTO BDD1_EMPLE_X_FARMACIA VALUES (8,12,'22/01/2016','14/02/2016');
INSERT INTO BDD1_EMPLE_X_FARMACIA VALUES (9,12,'15/02/2016','29/02/2016');
INSERT INTO BDD1_EMPLE_X_FARMACIA VALUES (10,12,'1/03/2016','6/03/2016');
INSERT INTO BDD1_EMPLE_X_FARMACIA VALUES (1,12,'7/03/2016','10/03/2016');
INSERT INTO BDD1_EMPLE_X_FARMACIA VALUES (2,12,'11/03/2016','22/03/2016');
INSERT INTO BDD1_EMPLE_X_FARMACIA VALUES (3,12,'23/03/2016','7/04/2016');
INSERT INTO BDD1_EMPLE_X_FARMACIA VALUES (4,12,'8/04/2016','18/04/2016');
INSERT INTO BDD1_EMPLE_X_FARMACIA VALUES (5,12,'19/04/2016','24/04/2016');
INSERT INTO BDD1_EMPLE_X_FARMACIA VALUES (6,12,'25/04/2016','22/05/2016');
INSERT INTO BDD1_EMPLE_X_FARMACIA VALUES (7,12,'23/05/2016','14/07/2016');
INSERT INTO BDD1_EMPLE_X_FARMACIA VALUES (8,12,'15/07/2016','24/07/2016');
INSERT INTO BDD1_EMPLE_X_FARMACIA VALUES (9,12,'25/07/2016','7/08/2016');
INSERT INTO BDD1_EMPLE_X_FARMACIA VALUES (10,12,'8/08/2016','14/08/2016');
INSERT INTO BDD1_EMPLE_X_FARMACIA VALUES (1,12,'15/08/2016','1/09/2016');
INSERT INTO BDD1_EMPLE_X_FARMACIA VALUES (2,12,'2/09/2016','11/09/2016');
INSERT INTO BDD1_EMPLE_X_FARMACIA VALUES (3,12,'12/09/2016','13/09/2016');
INSERT INTO BDD1_EMPLE_X_FARMACIA VALUES (4,12,'14/09/2016','25/09/2016');
INSERT INTO BDD1_EMPLE_X_FARMACIA VALUES (5,12,'26/09/2016','29/09/2016');
INSERT INTO BDD1_EMPLE_X_FARMACIA VALUES (6,12,'30/09/2016','9/10/2016');
INSERT INTO BDD1_EMPLE_X_FARMACIA VALUES (7,12,'10/10/2016','20/11/2016');
INSERT INTO BDD1_EMPLE_X_FARMACIA VALUES (8,12,'21/11/2016','27/11/2016');
INSERT INTO BDD1_EMPLE_X_FARMACIA VALUES (9,12,'28/11/2016','15/12/2016');
INSERT INTO BDD1_EMPLE_X_FARMACIA VALUES (10,12,'16/12/2016','18/12/2016');
INSERT INTO BDD1_EMPLE_X_FARMACIA VALUES (1,12,'19/12/2016','3/01/2017');
INSERT INTO BDD1_EMPLE_X_FARMACIA VALUES (2,12,'4/01/2017','15/01/2017');
INSERT INTO BDD1_EMPLE_X_FARMACIA VALUES (3,12,'16/01/2017','16/04/2017');
INSERT INTO BDD1_EMPLE_X_FARMACIA VALUES (4,12,'17/04/2017','23/04/2017');
INSERT INTO BDD1_EMPLE_X_FARMACIA VALUES (5,12,'24/04/2017',NULL);

INSERT INTO BDD1_EMPLE_X_FARMACIA VALUES (1,13,'6/12/2011','12/03/2012');
INSERT INTO BDD1_EMPLE_X_FARMACIA VALUES (2,13,'13/03/2012','6/09/2012');
INSERT INTO BDD1_EMPLE_X_FARMACIA VALUES (3,13,'7/09/2012','2/02/2014');
INSERT INTO BDD1_EMPLE_X_FARMACIA VALUES (4,13,'3/02/2014','3/04/2014');
INSERT INTO BDD1_EMPLE_X_FARMACIA VALUES (5,13,'4/04/2014','18/10/2015');
INSERT INTO BDD1_EMPLE_X_FARMACIA VALUES (6,13,'19/10/2015','1/02/2016');
INSERT INTO BDD1_EMPLE_X_FARMACIA VALUES (7,13,'2/02/2016','8/06/2017');
INSERT INTO BDD1_EMPLE_X_FARMACIA VALUES (8,13,'9/06/2017',NULL);

INSERT INTO BDD1_EMPLE_X_FARMACIA VALUES (1,14,'12/12/2011','6/06/2017');
INSERT INTO BDD1_EMPLE_X_FARMACIA VALUES (2,14,'7/06/2017','18/02/2018');
INSERT INTO BDD1_EMPLE_X_FARMACIA VALUES (3,14,'19/02/2018','23/05/2018');
INSERT INTO BDD1_EMPLE_X_FARMACIA VALUES (4,14,'24/05/2018','24/05/2018');
INSERT INTO BDD1_EMPLE_X_FARMACIA VALUES (5,14,'25/05/2018','22/08/2018');
INSERT INTO BDD1_EMPLE_X_FARMACIA VALUES (6,14,'23/08/2018','23/08/2018');
INSERT INTO BDD1_EMPLE_X_FARMACIA VALUES (7,14,'24/08/2018','13/10/2018');
INSERT INTO BDD1_EMPLE_X_FARMACIA VALUES (8,14,'14/10/2018','14/10/2018');
INSERT INTO BDD1_EMPLE_X_FARMACIA VALUES (9,14,'15/10/2018',NULL);

INSERT INTO BDD1_EMPLE_X_FARMACIA VALUES (1,15,'2/01/2012','31/12/2012');
INSERT INTO BDD1_EMPLE_X_FARMACIA VALUES (2,15,'2/01/2013','31/12/2013');
INSERT INTO BDD1_EMPLE_X_FARMACIA VALUES (3,15,'17/01/2014','31/12/2014');
INSERT INTO BDD1_EMPLE_X_FARMACIA VALUES (4,15,'5/01/2015','31/12/2015');
INSERT INTO BDD1_EMPLE_X_FARMACIA VALUES (5,15,'4/01/2016','17/01/2016');
INSERT INTO BDD1_EMPLE_X_FARMACIA VALUES (6,15,'18/01/2016','31/08/2016');
INSERT INTO BDD1_EMPLE_X_FARMACIA VALUES (7,15,'1/09/2016','31/12/2016');
INSERT INTO BDD1_EMPLE_X_FARMACIA VALUES (8,15,'2/01/2017','30/11/2017');
INSERT INTO BDD1_EMPLE_X_FARMACIA VALUES (9,15,'1/12/2017','15/10/2018');
INSERT INTO BDD1_EMPLE_X_FARMACIA VALUES (10,15,'16/10/2018',NULL);

COMMIT;



--------------------------
--CONSULTAS DE PROYECTOS--
--------------------------

SELECT * FROM BDD1_MONODROGA;
SELECT * FROM BDD1_MEDICAMENTO;
SELECT * FROM BDD1_INVENTARIO; --TIENE EXISTENCIA Y FK_MEDICAMENTO
SELECT * FROM BDD1_COMPOSICION_MEDICAMENTO; --COMPARTE FK CON MONODROGA Y CON MEDICAMENTO

SELECT DESCRIPCION_MONODROGA, ID_MONODROGA
FROM BDD1_MONODROGA
WHERE DESCRIPCION_MONODROGA='ACETAMINOFEN';

--ACETAMINOFEN ID = 71

SELECT ID_MEDICAMENTO, EXISTENCIA
FROM BDD1_INVENTARIO
WHERE ID_MEDICAMENTO = 71;


